"Cle";"Fichier";"Ligne";"A NE PAS TRADUIRE";"Francais (source)";"English";"Deutsch";"Russe";"Espagnol"
"commandSync.001";"commandSync.js";"43";"";"CLIENT_ID manquant dans le .env";"";"";"";""
"commandSync.002";"commandSync.js";"55";"";"⚠️ CLIENT_ID manquant dans le .env : commandes non synchronisées.";"";"";"";""
"commandSync.003";"commandSync.js";"64";"OUI — valeur technique, laisser tel quel";"🟢 activé";"🟢 activé";"🟢 activé";"🟢 activé";"🟢 activé"
"commandSync.004";"commandSync.js";"64";"";"🔴 désactivé";"";"";"";""
"commands.annonce.001";"commands/annonce.js";"21";"";"[Créateur] Écrire une annonce et la publier avec le bot";"";"";"";""
"commands.annonce.002";"commands/annonce.js";"24";"";"Composer une annonce, avec aperçu en direct";"";"";"";""
"commands.annonce.003";"commands/annonce.js";"26";"";"Salon de publication (défaut : celui-ci)";"";"";"";""
"commands.annonce.004";"commands/annonce.js";"29";"";"Titre de l'annonce";"";"";"";""
"commands.annonce.005";"commands/annonce.js";"31";"";"Le corps de l'annonce — « && » trace une barre, « &> » une entrée, « \\n » un saut de ligne";"";"";"";""
"commands.annonce.006";"commands/annonce.js";"33";"";"Grande image, en bas de l'annonce";"";"";"";""
"commands.annonce.007";"commands/annonce.js";"34";"";"Petite image, en haut à droite";"";"";"";""
"commands.annonce.008";"commands/annonce.js";"35";"";"Couleur hex, ex : #556B2F";"";"";"";""
"commands.annonce.009";"commands/annonce.js";"37";"";"Envoyer un message simple, sans cadre";"";"";"";""
"commands.annonce.010";"commands/annonce.js";"41";"";"Rouvrir une annonce déjà publiée pour la corriger";"";"";"";""
"commands.annonce.011";"commands/annonce.js";"43";"";"Lien du message (clic droit → Copier le lien)";"";"";"";""
"commands.annonce.012";"commands/annonce.js";"52";"";"⛔ Cette commande est réservée au **créateur du bot**.";"";"";"";""
"commands.annonce.013";"commands/annonce.js";"62";"";"❌ Je ne reconnais pas cette référence.\n";"";"";"";""
"commands.annonce.014";"commands/annonce.js";"63";"";"➜ Clic droit sur le message → **Copier le lien**, puis collez-le ici.";"";"";"";""
"commands.annonce.015";"commands/annonce.js";"88";"";"❌ Les fichiers joints doivent être des **images** (png, jpg, gif, webp).";"";"";"";""
"commands.annonce.016";"commands/annonce.js";"108";"";"-# 📣 Annonce en préparation. Relisez l'aperçu, puis **Envoyer**.";"";"";"";""
"commands.annonce.017";"commands/annonce.js";"109";"";"\n-# Mode sans cadre : ajoutez une image en collant son lien dans le texte.";"";"";"";""
"commands.assurance.001";"commands/assurance.js";"30";"";"Véhicule";"";"";"";""
"commands.assurance.002";"commands/assurance.js";"33";"";"Santé";"";"";"";""
"commands.assurance.003";"commands/assurance.js";"70";"";"Durée indéterminée";"";"";"";""
"commands.assurance.004";"commands/assurance.js";"97";"";"📄 Contrat n°";"";"";"";""
"commands.assurance.005";"commands/assurance.js";"98";"";"🏢 Assureur";"";"";"";""
"commands.assurance.006";"commands/assurance.js";"99";"";"👤 Assuré";"";"";"";""
"commands.assurance.007";"commands/assurance.js";"103";"";"🚗 Véhicule";"";"";"";""
"commands.assurance.008";"commands/assurance.js";"104";"";"🎨 Couleur";"";"";"";""
"commands.assurance.009";"commands/assurance.js";"105";"";"🔢 Plaque";"";"";"";""
"commands.assurance.010";"commands/assurance.js";"105";"";"*Non renseignée*";"";"";"";""
"commands.assurance.011";"commands/assurance.js";"109";"";"🏠 Bâtiment / Maison";"";"";"";""
"commands.assurance.012";"commands/assurance.js";"110";"";"🚪 Unité";"";"";"";""
"commands.assurance.013";"commands/assurance.js";"113";"";"🏢 Entreprise assurée";"";"";"";""
"commands.assurance.014";"commands/assurance.js";"118";"";"🚓 Statut police";"";"";"";""
"commands.assurance.015";"commands/assurance.js";"120";"";"🔴 🚨 **Recherché par les services de police**";"";"";"";""
"commands.assurance.016";"commands/assurance.js";"120";"";"🟢 Non recherché";"";"";"";""
"commands.assurance.017";"commands/assurance.js";"121";"OUI — valeur technique, laisser tel quel";"🔴 🅿️ **En fourrière**";"🔴 🅿️ **En fourrière**";"🔴 🅿️ **En fourrière**";"🔴 🅿️ **En fourrière**";"🔴 🅿️ **En fourrière**"
"commands.assurance.018";"commands/assurance.js";"121";"";"🟢 Pas en fourrière";"";"";"";""
"commands.assurance.019";"commands/assurance.js";"150";"";"Votre entreprise d'assurance";"";"";"";""
"commands.assurance.020";"commands/assurance.js";"152";"";"Client assuré";"";"";"";""
"commands.assurance.021";"commands/assurance.js";"157";"";"Date d'expiration (JJ/MM/AAAA)";"";"";"";""
"commands.assurance.022";"commands/assurance.js";"159";"";"Date de délivrance (JJ/MM/AAAA, défaut : aujourd'hui)";"";"";"";""
"commands.assurance.023";"commands/assurance.js";"173";"";"Assurances des entreprises : véhicule, maison, entreprise, santé";"";"";"";""
"commands.assurance.024";"commands/assurance.js";"177";"";"[Assureur] Assigner un contrat d'assurance à un client";"";"";"";""
"commands.assurance.025";"commands/assurance.js";"179";"";"Assurer un véhicule (Assurance Véhicule requise)";"";"";"";""
"commands.assurance.026";"commands/assurance.js";"181";"";"Véhicule (marque/modèle)";"";"";"";""
"commands.assurance.027";"commands/assurance.js";"182";"";"Couleur du véhicule";"";"";"";""
"commands.assurance.028";"commands/assurance.js";"184";"";"Plaque d'immatriculation RP";"";"";"";""
"commands.assurance.029";"commands/assurance.js";"189";"";"Assurer une maison / un bâtiment (Assurance Habitation requise)";"";"";"";""
"commands.assurance.030";"commands/assurance.js";"191";"";"Bâtiment / Maison";"";"";"";""
"commands.assurance.031";"commands/assurance.js";"192";"";"Unité (n° d'appartement, étage…)";"";"";"";""
"commands.assurance.032";"commands/assurance.js";"196";"";"Assurer une entreprise (Assurance Entreprise requise)";"";"";"";""
"commands.assurance.033";"commands/assurance.js";"198";"";"Entreprise à assurer";"";"";"";""
"commands.assurance.034";"commands/assurance.js";"203";"";"Assurance santé d'un client (Assurance Maladie requise)";"";"";"";""
"commands.assurance.035";"commands/assurance.js";"210";"";"[Police/Staff] Véhicule recherché et/ou en fourrière";"";"";"";""
"commands.assurance.036";"commands/assurance.js";"211";"";"Numéro du contrat (voir /assurance liste)";"";"";"";""
"commands.assurance.037";"commands/assurance.js";"213";"";"Recherché par la police ?";"";"";"";""
"commands.assurance.038";"commands/assurance.js";"216";"";"En fourrière ?";"";"";"";""
"commands.assurance.039";"commands/assurance.js";"222";"";"Voir un contrat d'assurance (validité, photo, statut police)";"";"";"";""
"commands.assurance.040";"commands/assurance.js";"223";"";"Numéro du contrat";"";"";"";""
"commands.assurance.041";"commands/assurance.js";"228";"";"[Assureur] Résilier un contrat (par son numéro)";"";"";"";""
"commands.assurance.042";"commands/assurance.js";"234";"";"Lister les contrats d'assurance";"";"";"";""
"commands.assurance.043";"commands/assurance.js";"236";"";"Filtrer par entreprise";"";"";"";""
"commands.assurance.044";"commands/assurance.js";"238";"";"Filtrer par assuré";"";"";"";""
"commands.assurance.045";"commands/assurance.js";"276";"";"❌ Date d'expiration invalide (format **JJ/MM/AAAA**).";"";"";"";""
"commands.assurance.046";"commands/assurance.js";"282";"";"❌ Date de délivrance invalide (format **JJ/MM/AAAA**).";"";"";"";""
"commands.assurance.047";"commands/assurance.js";"332";"";"⛔ Sécurité : réservé à la **police** ou au **staff**.";"";"";"";""
"commands.assurance.048";"commands/assurance.js";"343";"";"❌ Indiquez `recherche` et/ou `fourriere`.";"";"";"";""
"commands.assurance.049";"commands/assurance.js";"355";"";"🚓 Statut véhicule modifié";"";"";"";""
"commands.assurance.050";"commands/assurance.js";"356";"OUI — valeur technique, laisser tel quel";"🔴 🚨 recherché";"🔴 🚨 recherché";"🔴 🚨 recherché";"🔴 🚨 recherché";"🔴 🚨 recherché"
"commands.assurance.051";"commands/assurance.js";"356";"";"non recherché";"";"";"";""
"commands.assurance.052";"commands/assurance.js";"356";"OUI — valeur technique, laisser tel quel";"🔴 🅿️ en fourrière";"🔴 🅿️ en fourrière";"🔴 🅿️ en fourrière";"🔴 🅿️ en fourrière";"🔴 🅿️ en fourrière"
"commands.assurance.053";"commands/assurance.js";"356";"";"hors fourrière";"";"";"";""
"commands.assurance.054";"commands/assurance.js";"393";"";"🛡️ Assurance résiliée";"";"";"";""
"commands.assurance.055";"commands/assurance.js";"415";"";"❌ Indiquez une `entreprise` ou un `client` pour filtrer la liste.";"";"";"";""
"commands.assurance.056";"commands/assurance.js";"420";"";"📋 Aucun contrat d'assurance trouvé.";"";"";"";""
"commands.assurance.057";"commands/assurance.js";"426";"";"✅ valide · ❌ expirée · 🔴🚨 recherché · 🔴🅿️ fourrière — détail : /assurance voir <n°>";"";"";"";""
"commands.blacklist.001";"commands/blacklist.js";"23";"";"[Équipe du bot] Blacklist globale du bot";"";"";"";""
"commands.blacklist.002";"commands/blacklist.js";"27";"";"Blacklister un utilisateur (MP + ban sur tous les serveurs du bot)";"";"";"";""
"commands.blacklist.003";"commands/blacklist.js";"28";"";"Utilisateur à blacklister";"";"";"";""
"commands.blacklist.004";"commands/blacklist.js";"29";"";"Raison (envoyée en MP)";"";"";"";""
"commands.blacklist.005";"commands/blacklist.js";"34";"";"Lever la blacklist d'un utilisateur (débanni partout)";"";"";"";""
"commands.blacklist.006";"commands/blacklist.js";"35";"";"Utilisateur à retirer";"";"";"";""
"commands.blacklist.007";"commands/blacklist.js";"37";"";"Voir la blacklist du bot";"";"";"";""
"commands.blacklist.008";"commands/blacklist.js";"41";"";"[Créateur] Définir l'invitation du serveur de déban (envoyée dans le MP)";"";"";"";""
"commands.blacklist.009";"commands/blacklist.js";"43";"";"Lien d'invitation permanent du serveur de déban";"";"";"";""
"commands.blacklist.010";"commands/blacklist.js";"61";"";"⛔ Sécurité : seul le **créateur du bot** peut définir le serveur de déban.";"";"";"";""
"commands.blacklist.011";"commands/blacklist.js";"65";"";"❌ Lien invalide : attendu un lien discord.gg ou discord.com/invite.";"";"";"";""
"commands.blacklist.012";"commands/blacklist.js";"82";"";"*Personne n'est blacklisté.*";"";"";"";""
"commands.blacklist.013";"commands/blacklist.js";"84";"OUI — valeur technique, laisser tel quel";"Serveur de déban configuré ✅";"Serveur de déban configuré ✅";"Serveur de déban configuré ✅";"Serveur de déban configuré ✅";"Serveur de déban configuré ✅"
"commands.blacklist.014";"commands/blacklist.js";"84";"";"Serveur de déban non configuré — /blacklist serveur-deban";"";"";"";""
"commands.blacklist.015";"commands/blacklist.js";"90";"";"⛔ Sécurité : réservé au **staff du bot** disposant de la permission 🚫 Blacklist.";"";"";"";""
"commands.blacklist.016";"commands/blacklist.js";"97";"";"❌ Vous ne pouvez pas vous blacklister vous-même.";"";"";"";""
"commands.blacklist.017";"commands/blacklist.js";"100";"";"⛔ Le créateur du bot ne peut pas être blacklisté.";"";"";"";""
"commands.blacklist.018";"commands/blacklist.js";"105";"";"⛔ Cet utilisateur est **immunisé** : il ne peut pas être blacklisté.";"";"";"";""
"commands.blacklist.019";"commands/blacklist.js";"109";"OUI — valeur technique, laisser tel quel";"envoyé ✅";"envoyé ✅";"envoyé ✅";"envoyé ✅";"envoyé ✅"
"commands.blacklist.020";"commands/blacklist.js";"109";"";"impossible (MP fermés) ⚠️";"";"";"";""
"commands.blacklist.021";"commands/blacklist.js";"109";"OUI — valeur technique, laisser tel quel";" (avec le serveur de déban)";" (avec le serveur de déban)";" (avec le serveur de déban)";" (avec le serveur de déban)";" (avec le serveur de déban)"
"commands.blacklist.022";"commands/blacklist.js";"109";"";" — ⚠️ aucun serveur de déban configuré";"";"";"";""
"commands.botstaff.001";"commands/botstaff.js";"24";"";"[Équipe du bot] Gérer la hiérarchie du staff du bot";"";"";"";""
"commands.botstaff.002";"commands/botstaff.js";"28";"";"Ajouter un membre au staff du bot (ou changer son grade)";"";"";"";""
"commands.botstaff.003";"commands/botstaff.js";"29";"";"Membre à ajouter";"";"";"";""
"commands.botstaff.004";"commands/botstaff.js";"31";"";"Grade dans la hiérarchie (ex : Responsable, Modérateur)";"";"";"";""
"commands.botstaff.005";"commands/botstaff.js";"37";"";"Retirer un membre du staff du bot";"";"";"";""
"commands.botstaff.006";"commands/botstaff.js";"38";"";"Membre à retirer";"";"";"";""
"commands.botstaff.007";"commands/botstaff.js";"43";"";"Donner ou retirer une permission à un membre du staff";"";"";"";""
"commands.botstaff.008";"commands/botstaff.js";"44";"";"Membre du staff";"";"";"";""
"commands.botstaff.009";"commands/botstaff.js";"46";"";"Permission à modifier";"";"";"";""
"commands.botstaff.010";"commands/botstaff.js";"51";"";"Donner ou retirer";"";"";"";""
"commands.botstaff.011";"commands/botstaff.js";"53";"";"✅ Donner";"";"";"";""
"commands.botstaff.012";"commands/botstaff.js";"53";"";"❌ Retirer";"";"";"";""
"commands.botstaff.013";"commands/botstaff.js";"56";"";"Voir la hiérarchie du staff du bot";"";"";"";""
"commands.botstaff.014";"commands/botstaff.js";"60";"";"[Créateur] Définir le salon QG des tickets (bans + reports de tous les serveurs)";"";"";"";""
"commands.botstaff.015";"commands/botstaff.js";"71";"";"⛔ Sécurité : seul le **créateur du bot** peut définir le salon QG.";"";"";"";""
"commands.botstaff.016";"commands/botstaff.js";"99";"";"🛡️ Hiérarchie du staff du bot";"";"";"";""
"commands.botstaff.017";"commands/botstaff.js";"103";"";"*Aucun membre — le créateur du bot a toutes les permissions.*";"";"";"";""
"commands.botstaff.018";"commands/botstaff.js";"109";"OUI — valeur technique, laisser tel quel";"QG configuré ✅";"QG configuré ✅";"QG configuré ✅";"QG configuré ✅";"QG configuré ✅"
"commands.botstaff.019";"commands/botstaff.js";"109";"";"QG non configuré — /botstaff salon-qg";"";"";"";""
"commands.botstaff.020";"commands/botstaff.js";"118";"";"⛔ Sécurité : réservé au **créateur du bot** et aux membres ayant la permission 🛡️ Gestion du staff.";"";"";"";""
"commands.botstaff.021";"commands/botstaff.js";"130";"";"Donnez-lui ses permissions : `/botstaff permission utilisateur permission état`.";"";"";"";""
"commands.botstaff.022";"commands/botstaff.js";"130";"";"/botstaff permission utilisateur permission état";"";"";"";""
"commands.botstaff.023";"commands/botstaff.js";"146";"";"est pas dans le staff du bot — ajoutez-le d";"";"";"";""
"commands.botstaff.024";"commands/botstaff.js";"160";"OUI — valeur technique, laisser tel quel";"donnée à";"donnée à";"donnée à";"donnée à";"donnée à"
"commands.botstaff.025";"commands/botstaff.js";"160";"";"retirée à";"";"";"";""
"commands.carte.001";"commands/carte.js";"38";"";"Système de carte d'identité RP";"RP ID card system";"";"";""
"commands.carte.002";"commands/carte.js";"42";"";"identité d";"";"";"";""
"commands.carte.003";"commands/carte.js";"42";"";"[Staff] Créer la carte d'identité d'un membre";"";"";"";""
"commands.carte.004";"commands/carte.js";"43";"";"Membre concerné";"";"";"";""
"commands.carte.005";"commands/carte.js";"45";"";"Prénom RP";"RP first name";"";"";""
"commands.carte.006";"commands/carte.js";"57";"";"Lieu de naissance";"";"";"";""
"commands.carte.007";"commands/carte.js";"58";"";"Date de naissance (JJ/MM/AAAA)";"";"";"";""
"commands.carte.008";"commands/carte.js";"60";"";"Nationalité";"";"";"";""
"commands.carte.009";"commands/carte.js";"61";"";"Background / histoire RP";"";"";"";""
"commands.carte.010";"commands/carte.js";"62";"";"Photo d'identité (image/GIF)";"";"";"";""
"commands.carte.011";"commands/carte.js";"63";"";"URL de la photo (image/GIF)";"";"";"";""
"commands.carte.012";"commands/carte.js";"68";"";"Afficher une carte d'identité";"";"";"";""
"commands.carte.013";"commands/carte.js";"69";"";"Membre (défaut : vous)";"Member (defaults to you)";"";"";""
"commands.carte.014";"commands/carte.js";"74";"";"[Staff] Retrouver une carte par ID Discord, ID de carte ou nom Discord";"";"";"";""
"commands.carte.015";"commands/carte.js";"75";"";"ID Discord du membre";"";"";"";""
"commands.carte.016";"commands/carte.js";"76";"";"ID de la carte (ex : CNI-XXXXXXXX)";"";"";"";""
"commands.carte.017";"commands/carte.js";"77";"";"Pseudo Discord (recherche partielle)";"";"";"";""
"commands.carte.018";"commands/carte.js";"82";"";"[Staff] Modifier un champ d'une carte";"";"";"";""
"commands.carte.019";"commands/carte.js";"87";"";"Champ à modifier";"";"";"";""
"commands.carte.020";"commands/carte.js";"96";"";"[Staff] Supprimer la carte d'identité d'un membre";"";"";"";""
"commands.carte.021";"commands/carte.js";"106";"";"⛔ Sécurité : cette sous-commande est réservée au **staff**.";"⛔ Security: this subcommand is reserved for **staff**.";"";"";""
"commands.carte.022";"commands/carte.js";"115";"";"/carte modifier\` ou \`/carte supprimer\`.";"";"";"";""
"commands.carte.023";"commands/carte.js";"150";"";"🪪 Carte créée";"";"";"";""
"commands.carte.024";"commands/carte.js";"183";"";"❌ Indiquez au moins un critère : `id_discord`, `id_carte` ou `nom_discord`.";"";"";"";""
"commands.carte.025";"commands/carte.js";"198";"";"❌ Aucune carte trouvée avec ces critères.";"";"";"";""
"commands.carte.026";"commands/carte.js";"218";"";"a pas de carte d";"";"";"";""
"commands.carte.027";"commands/carte.js";"231";"";"🪪 Carte modifiée";"";"";"";""
"commands.carte.028";"commands/carte.js";"246";"";"🪪 Carte supprimée";"";"";"";""
"commands.casier.001";"commands/casier.js";"29";"";"[Staff] Casier RP d'un membre : warns, blacklist et whitelist RP";"";"";"";""
"commands.casier.002";"commands/casier.js";"30";"";"Membre à consulter";"";"";"";""
"commands.casier.003";"commands/casier.js";"44";"";"🔻 Warn RP";"";"";"";""
"commands.casierjudiciaire.001";"commands/casierjudiciaire.js";"26";"";"[Police] Casier judiciaire RP (accès réservé à la police)";"";"";"";""
"commands.casierjudiciaire.002";"commands/casierjudiciaire.js";"30";"";"[Police] Ajouter une infraction au casier";"";"";"";""
"commands.casierjudiciaire.003";"commands/casierjudiciaire.js";"31";"";"Personne concernée";"";"";"";""
"commands.casierjudiciaire.004";"commands/casierjudiciaire.js";"33";"";"Sanction / peine (facultatif)";"";"";"";""
"commands.casierjudiciaire.005";"commands/casierjudiciaire.js";"34";"";"Note complémentaire (facultatif)";"";"";"";""
"commands.casierjudiciaire.006";"commands/casierjudiciaire.js";"39";"";"[Police] Consulter le casier judiciaire d'une personne";"";"";"";""
"commands.casierjudiciaire.007";"commands/casierjudiciaire.js";"40";"";"Personne à consulter";"";"";"";""
"commands.casierjudiciaire.008";"commands/casierjudiciaire.js";"45";"";"[Police] Retirer une entrée du casier (par n°)";"";"";"";""
"commands.casierjudiciaire.009";"commands/casierjudiciaire.js";"46";"";"Numéro de l'entrée (voir /casierjudiciaire voir)";"";"";"";""
"commands.casierjudiciaire.010";"commands/casierjudiciaire.js";"52";"";"⛔ Sécurité : le **casier judiciaire** est réservé aux **rôles police** (à configurer dans `/config` → 👮 Rôles).";"";"";"";""
"commands.casierjudiciaire.011";"commands/casierjudiciaire.js";"67";"";"⚖️ Casier judiciaire — infraction enregistrée";"";"";"";""
"commands.casierjudiciaire.012";"commands/casierjudiciaire.js";"69";"";"👤 Personne";"";"";"";""
"commands.casierjudiciaire.013";"commands/casierjudiciaire.js";"71";"";"✍️ Agent";"";"";"";""
"commands.casierjudiciaire.014";"commands/casierjudiciaire.js";"72";"";"🚨 Infraction";"";"";"";""
"commands.casierjudiciaire.015";"commands/casierjudiciaire.js";"73";"";"⚖️ Sanction";"";"";"";""
"commands.casierjudiciaire.016";"commands/casierjudiciaire.js";"76";"";"🗒️ Note";"";"";"";""
"commands.casierjudiciaire.017";"commands/casierjudiciaire.js";"80";"";"⚖️ Casier judiciaire";"";"";"";""
"commands.casierjudiciaire.018";"commands/casierjudiciaire.js";"94";"";"✅ Casier vierge.";"";"";"";""
"commands.config.001";"commands/config.js";"9";"";"[Staff] Panneau central de configuration : rôles, salons, XP, whitelist métiers";"";"";"";""
"commands.createur.001";"commands/createur.js";"15";"";"⛔ Réservé au **créateur du bot**.";"";"";"";""
"commands.createur.002";"commands/createur.js";"41";"";"[Créateur] Force la mise à jour du bot vers la dernière version publiée";"";"";"";""
"commands.createur.003";"commands/createur.js";"45";"";"🔄 **Mise à jour forcée…** Le bot télécharge la dernière version publiée et redémarre dans quelques instants.";"";"";"";""
"commands.createur.004";"commands/createur.js";"49";"";"🔄 Force update";"";"";"";""
"commands.createur.005";"commands/createur.js";"59";"";"[Créateur] Immunité aux sanctions du bot (ban/kick/mute/blacklist)";"";"";"";""
"commands.createur.006";"commands/createur.js";"63";"";"Immuniser un utilisateur";"";"";"";""
"commands.createur.007";"commands/createur.js";"64";"";"Utilisateur à immuniser";"";"";"";""
"commands.createur.008";"commands/createur.js";"69";"";"Retirer l'immunité d'un utilisateur";"";"";"";""
"commands.createur.009";"commands/createur.js";"70";"";"Utilisateur concerné";"";"";"";""
"commands.createur.010";"commands/createur.js";"72";"";"Voir les utilisateurs immunisés";"";"";"";""
"commands.createur.011";"commands/createur.js";"78";"";"*Aucun utilisateur immunisé (le créateur l'est toujours automatiquement).*";"";"";"";""
"commands.createur.012";"commands/createur.js";"91";"";"🛡️ Immunité";"";"";"";""
"commands.createur.013";"commands/createur.js";"91";"OUI — valeur technique, laisser tel quel";"immunisé";"immunisé";"immunisé";"immunisé";"immunisé"
"commands.createur.014";"commands/createur.js";"91";"";"retiré des immunités";"";"";"";""
"commands.createur.015";"commands/createur.js";"99";"";"[Créateur] Retire le bot d'un serveur (par ID)";"";"";"";""
"commands.createur.016";"commands/createur.js";"100";"";"ID du serveur à quitter (vide = serveur actuel)";"";"";"";""
"commands.embed.001";"commands/embed.js";"33";"";"[Staff] Composer ou modifier un message/embed avec aperçu en direct";"";"";"";""
"commands.embed.002";"commands/embed.js";"35";"";"Composer un nouveau message, avec aperçu en direct";"";"";"";""
"commands.embed.003";"commands/embed.js";"39";"";"Rouvrir un message déjà publié par le bot pour le corriger";"";"";"";""
"commands.embed.004";"commands/embed.js";"43";"";"Lien du message (clic droit → Copier le lien), ou son identifiant";"";"";"";""
"commands.embed.005";"commands/embed.js";"53";"";"❌ Je ne reconnais pas cette référence.\n";"";"";"";""
"commands.embed.006";"commands/embed.js";"54";"";"➜ Clic droit sur le message → **Copier le lien**, puis collez-le ici.\n";"";"";"";""
"commands.embed.007";"commands/embed.js";"55";"";"➜ L'identifiant seul marche aussi si le message est dans ce salon.";"";"";"";""
"commands.embed.008";"commands/embed.js";"63";"";"❌ Ce salon est introuvable, hors de ce serveur, ou je n'y ai pas accès.";"";"";"";""
"commands.embed.009";"commands/embed.js";"76";"";"-# ℹ️ Ce message a été publié avant la mémoire des sources : son texte a été relu depuis ";"";"";"";""
"commands.embed.010";"commands/embed.js";"77";"";"le rendu. Les balises `&&` et `&>` y apparaissent donc déjà transformées. Les prochaines ";"";"";"";""
"commands.embed.011";"commands/embed.js";"78";"";"modifications, elles, repartiront du texte exact.";"";"";"";""
"commands.entreprise.001";"commands/entreprise.js";"20";"OUI — valeur technique, laisser tel quel";"Véhicule";"Véhicule";"Véhicule";"Véhicule";"Véhicule"
"commands.entreprise.002";"commands/entreprise.js";"55";"";"📋 Choisissez le(s) type(s) d'assurance (plusieurs choix possibles)";"";"";"";""
"commands.entreprise.003";"commands/entreprise.js";"80";"";"Gestion des entreprises RP";"RP company management";"";"";""
"commands.entreprise.004";"commands/entreprise.js";"84";"";"[Staff] Créer une entreprise (question assurance obligatoire)";"";"";"";""
"commands.entreprise.005";"commands/entreprise.js";"85";"";"Nom de l'entreprise";"";"";"";""
"commands.entreprise.006";"commands/entreprise.js";"89";"";"Question obligatoire : l'entreprise propose-t-elle des assurances ?";"";"";"";""
"commands.entreprise.007";"commands/entreprise.js";"93";"";"Description de l'entreprise";"";"";"";""
"commands.entreprise.008";"commands/entreprise.js";"94";"";"Membre à mettre à la tête de l'entreprise";"";"";"";""
"commands.entreprise.009";"commands/entreprise.js";"95";"";"Photo/GIF/vidéo (fichier)";"";"";"";""
"commands.entreprise.010";"commands/entreprise.js";"96";"";"URL photo/GIF/vidéo";"";"";"";""
"commands.entreprise.011";"commands/entreprise.js";"101";"";"[Staff] Modifier une entreprise";"";"";"";""
"commands.entreprise.012";"commands/entreprise.js";"103";"";"Entreprise à modifier";"";"";"";""
"commands.entreprise.013";"commands/entreprise.js";"108";"";"Champ à modifier";"";"";"";""
"commands.entreprise.014";"commands/entreprise.js";"113";"";"media (photo/GIF/vidéo)";"";"";"";""
"commands.entreprise.015";"commands/entreprise.js";"119";"";"Nouvelle valeur (assurance : oui/non ; type d'assurance : laisser vide)";"";"";"";""
"commands.entreprise.016";"commands/entreprise.js";"125";"";"[Staff] Changer le média : fichier OU lien (photo/GIF/vidéo/YouTube)";"";"";"";""
"commands.entreprise.017";"commands/entreprise.js";"127";"";"Glissez un fichier (photo/GIF/vidéo)";"";"";"";""
"commands.entreprise.018";"commands/entreprise.js";"128";"";"Ou un lien (imgur, GIF, vidéo, YouTube…)";"";"";"";""
"commands.entreprise.019";"commands/entreprise.js";"133";"";"[Staff] Supprimer une entreprise";"";"";"";""
"commands.entreprise.020";"commands/entreprise.js";"135";"";"Entreprise à supprimer";"";"";"";""
"commands.entreprise.021";"commands/entreprise.js";"141";"";"[Staff] Ajouter/retirer un membre à la tête d'une entreprise";"";"";"";""
"commands.entreprise.022";"commands/entreprise.js";"152";"";"Membre concerné";"";"";"";""
"commands.entreprise.023";"commands/entreprise.js";"157";"";"[Staff/Patron] Ajouter/retirer un employé";"";"";"";""
"commands.entreprise.024";"commands/entreprise.js";"173";"";"Afficher une entreprise";"";"";"";""
"commands.entreprise.025";"commands/entreprise.js";"181";"";"[Staff] Retirer un membre (patron + employé) de toutes les entreprises";"";"";"";""
"commands.entreprise.026";"commands/entreprise.js";"182";"";"Membre à retirer de toutes les entreprises";"";"";"";""
"commands.entreprise.027";"commands/entreprise.js";"184";"";"Liste des entreprises du serveur";"";"";"";""
"commands.entreprise.028";"commands/entreprise.js";"198";"";"⛔ Sécurité : cette sous-commande est réservée au **staff**.";"⛔ Security: this subcommand is reserved for **staff**.";"";"";""
"commands.entreprise.029";"commands/entreprise.js";"209";"";"était ni patron ni employé d";"";"";"";""
"commands.entreprise.030";"commands/entreprise.js";"219";"";"🏢 Membre retiré des entreprises";"";"";"";""
"commands.entreprise.031";"commands/entreprise.js";"230";"";"❌ Entreprise introuvable.";"";"";"";""
"commands.entreprise.032";"commands/entreprise.js";"236";"";"❌ Fournissez un **fichier** (glissez-le) OU un **lien**.";"";"";"";""
"commands.entreprise.033";"commands/entreprise.js";"239";"";"❌ Le **lien** doit être une URL (http…). Glissez plutôt un fichier si besoin.";"";"";"";""
"commands.entreprise.034";"commands/entreprise.js";"250";"";"🏢 Média modifié";"";"";"";""
"commands.entreprise.035";"commands/entreprise.js";"298";"";"🏢 Entreprise créée";"";"";"";""
"commands.entreprise.036";"commands/entreprise.js";"309";"";"❌ Aucune entreprise sur ce serveur.";"";"";"";""
"commands.entreprise.037";"commands/entreprise.js";"319";"";"*types à définir*";"";"";"";""
"commands.entreprise.038";"commands/entreprise.js";"324";"";"🏙️ Entreprises";"";"";"";""
"commands.entreprise.039";"commands/entreprise.js";"326";"";"Assurance proposée";"";"";"";""
"commands.entreprise.040";"commands/entreprise.js";"326";"";"Aucune pour le moment";"";"";"";""
"commands.entreprise.041";"commands/entreprise.js";"365";"";"❌ Précisez `oui` ou `non` pour l'assurance.";"";"";"";""
"commands.entreprise.042";"commands/entreprise.js";"387";"";"❌ Le média doit être un **lien** (http…), ou `non` pour le retirer.";"";"";"";""
"commands.entreprise.043";"commands/entreprise.js";"393";"OUI — valeur technique, laisser tel quel";"retiré";"retiré";"retiré";"retiré";"retiré"
"commands.entreprise.044";"commands/entreprise.js";"393";"";"mis à jour";"";"";"";""
"commands.entreprise.045";"commands/entreprise.js";"398";"";"🏢 Entreprise modifiée";"";"";"";""
"commands.entreprise.046";"commands/entreprise.js";"398";"";"modifié";"";"";"";""
"commands.entreprise.047";"commands/entreprise.js";"405";"";"❌ Indiquez une **valeur** pour ce champ.";"";"";"";""
"commands.entreprise.048";"commands/entreprise.js";"430";"";"🏢 Entreprise supprimée";"";"";"";""
"commands.entreprise.049";"commands/entreprise.js";"448";"";"🏢 Direction modifiée";"";"";"";""
"commands.entreprise.050";"commands/entreprise.js";"449";"OUI — valeur technique, laisser tel quel";"ajouté à";"ajouté à";"ajouté à";"ajouté à";"ajouté à"
"commands.entreprise.051";"commands/entreprise.js";"449";"";"retiré de";"";"";"";""
"commands.entreprise.052";"commands/entreprise.js";"461";"";"⛔ Sécurité : réservé au **staff** ou aux **patrons** de cette entreprise.";"";"";"";""
"commands.esthetique.001";"commands/esthetique.js";"182";"OUI — valeur technique, laisser tel quel";"🃏 cartes · barre accent";"🃏 cartes · barre accent";"🃏 cartes · barre accent";"🃏 cartes · barre accent";"🃏 cartes · barre accent"
"commands.esthetique.002";"commands/esthetique.js";"182";"";"🃏 cartes sans bordure";"";"";"";""
"commands.esthetique.003";"commands/esthetique.js";"182";"";"📦 embeds classiques";"";"";"";""
"commands.esthetique.004";"commands/esthetique.js";"186";"";"⚠️ grille de champs";"";"";"";""
"commands.esthetique.005";"commands/esthetique.js";"189";"";"bannière";"";"";"";""
"commands.esthetique.006";"commands/esthetique.js";"202";"";"Tout repart en **embed classique**, barre colorée comprise";"";"";"";""
"commands.esthetique.007";"commands/esthetique.js";"203";"";"Redémarrez le bot pour réessayer — et vérifiez que sa bibliothèque est à jour";"";"";"";""
"commands.esthetique.008";"commands/esthetique.js";"207";"OUI — valeur technique, laisser tel quel";"⚠️ Des refus ont eu lieu : surveillez";"⚠️ Des refus ont eu lieu : surveillez";"⚠️ Des refus ont eu lieu : surveillez";"⚠️ Des refus ont eu lieu : surveillez";"⚠️ Des refus ont eu lieu : surveillez"
"commands.esthetique.009";"commands/esthetique.js";"207";"";"Aucun refus depuis le démarrage";"";"";"";""
"commands.esthetique.010";"commands/esthetique.js";"223";"OUI — valeur technique, laisser tel quel";"recréer";"recréer";"recréer";"recréer";"recréer"
"commands.esthetique.011";"commands/esthetique.js";"228";"";"*Jamais lancée depuis cette version*";"";"";"";""
"commands.esthetique.012";"commands/esthetique.js";"231";"";"Cartes sans bordure";"";"";"";""
"commands.esthetique.013";"commands/esthetique.js";"232";"";"Dernier passage de la commande";"";"";"";""
"commands.esthetique.014";"commands/esthetique.js";"237";"";"Le bot n'est sur aucun serveur";"";"";"";""
"commands.esthetique.015";"commands/esthetique.js";"239";"";"Résumé";"";"";"";""
"commands.esthetique.016";"commands/esthetique.js";"247";"";"Reste à convertir";"";"";"";""
"commands.esthetique.017";"commands/esthetique.js";"249";"";"Un embed déjà envoyé ne peut pas devenir une carte : `/esthetique appliquer mode:Recréer`";"";"";"";""
"commands.esthetique.018";"commands/esthetique.js";"249";"";"/esthetique appliquer mode:Recréer";"";"";"";""
"commands.esthetique.019";"commands/esthetique.js";"250";"";"À savoir : la recréation perd réactions, réponses accrochées, liens et date d'origine";"";"";"";""
"commands.esthetique.020";"commands/esthetique.js";"255";"";"🩺 État de l'esthétique du bot";"";"";"";""
"commands.esthetique.021";"commands/esthetique.js";"292";"";"Message sans titre";"";"";"";""
"commands.esthetique.022";"commands/esthetique.js";"303";"";"⛔ Ce message n'a pas été écrit par le bot.\n";"";"";"";""
"commands.esthetique.023";"commands/esthetique.js";"304";"";"-# Discord ne laisse un bot modifier que ses propres messages — ceux d'un membre ou d'un autre bot sont hors de portée.";"";"";"";""
"commands.esthetique.024";"commands/esthetique.js";"312";"";"✅ Ce message est **déjà une carte** : il n'y a rien à refaire.";"";"";"";""
"commands.esthetique.025";"commands/esthetique.js";"313";"";"ℹ️ Ce message ne contient aucun embed — il n'y a pas d'habillage à reprendre.";"";"";"";""
"commands.esthetique.026";"commands/esthetique.js";"319";"";"⚠️ L'identité visuelle est **désactivée** sur ce serveur : rien ne serait appliqué.";"";"";"";""
"commands.esthetique.027";"commands/esthetique.js";"340";"";"♻️ Message **recréé en carte**.\n-# Réactions, réponses accrochées et liens vers l'ancien message sont perdus — c'était le prix de la conversion.";"";"";"";""
"commands.esthetique.028";"commands/esthetique.js";"343";"";"❌ Recréation impossible : vérifiez que le bot peut **écrire** et **supprimer** dans ce salon.";"";"";"";""
"commands.esthetique.029";"commands/esthetique.js";"353";"";"ℹ️ Ce message porte déjà le style actuel.\n-# Il garde sa barre colorée car un embed déjà envoyé ne peut pas devenir une carte : utilisez **mode : Recréer**.";"";"";"";""
"commands.esthetique.030";"commands/esthetique.js";"354";"";"ℹ️ Ce message porte déjà le style actuel.";"";"";"";""
"commands.esthetique.031";"commands/esthetique.js";"359";"";"❌ Modification refusée par Discord — le message a peut-être été supprimé entre-temps.";"";"";"";""
"commands.esthetique.032";"commands/esthetique.js";"363";"";"✅ Message **refait sur place** : réactions, épingles et liens conservés.";"";"";"";""
"commands.esthetique.033";"commands/esthetique.js";"364";"";"\n-# Il garde sa barre colorée : seul **mode : Recréer** peut en faire une carte.";"";"";"";""
"commands.esthetique.034";"commands/esthetique.js";"380";"";"❌ Lien non reconnu.\n";"";"";"";""
"commands.esthetique.035";"commands/esthetique.js";"381";"";"-# Clic droit sur le message → **Copier le lien du message**. Format attendu : `https://discord.com/channels/…/…/…`";"";"";"";""
"commands.esthetique.036";"commands/esthetique.js";"388";"";"❌ Salon introuvable, ou le bot n'y a pas accès.";"";"";"";""
"commands.esthetique.037";"commands/esthetique.js";"391";"";"❌ Message introuvable : supprimé, ou hors de portée du bot.";"";"";"";""
"commands.esthetique.038";"commands/esthetique.js";"399";"";"🎯 **Dans quel salon se trouve le message ?**\n";"";"";"";""
"commands.esthetique.039";"commands/esthetique.js";"405";"";"Choisissez un salon…";"";"";"";""
"commands.esthetique.040";"commands/esthetique.js";"420";"";"❌ Salon illisible pour le bot.";"";"";"";""
"commands.esthetique.041";"commands/esthetique.js";"434";"";"-# Les messages déjà en carte n'apparaissent pas : ils n'ont rien à refaire.";"";"";"";""
"commands.esthetique.042";"commands/esthetique.js";"447";"";"Choisissez le message…";"";"";"";""
"commands.esthetique.043";"commands/esthetique.js";"466";"";"❌ Message introuvable : il a pu être supprimé entre-temps.";"";"";"";""
"commands.esthetique.044";"commands/esthetique.js";"476";"";"⛔ Réservé au créateur du bot.";"";"";"";""
"commands.esthetique.045";"commands/esthetique.js";"544";"";"[Créateur] Refait tous les anciens embeds du bot au style actuel";"";"";"";""
"commands.esthetique.046";"commands/esthetique.js";"548";"";"Reconstruit les anciens embeds au style actuel, sur TOUS les serveurs";"";"";"";""
"commands.esthetique.047";"commands/esthetique.js";"552";"";"Messages à examiner par salon (défaut 100, max 500)";"";"";"";""
"commands.esthetique.048";"commands/esthetique.js";"560";"";"Que faire des couleurs existantes ?";"";"";"";""
"commands.esthetique.049";"commands/esthetique.js";"563";"";"Garder celles qui ont un sens (rouge = sanction…)";"";"";"";""
"commands.esthetique.050";"commands/esthetique.js";"564";"";"Tout uniformiser sur la couleur d'accent";"";"";"";""
"commands.esthetique.051";"commands/esthetique.js";"570";"";"Comment traiter les anciens messages ?";"";"";"";""
"commands.esthetique.052";"commands/esthetique.js";"573";"";"Modifier sur place — garde réactions, épingles et liens";"";"";"";""
"commands.esthetique.053";"commands/esthetique.js";"574";"";"Recréer en cartes sans bordure — perd réactions et liens";"";"";"";""
"commands.esthetique.054";"commands/esthetique.js";"579";"";"Où en est l'esthétique du bot : réglages, cartes, dernier passage";"";"";"";""
"commands.esthetique.055";"commands/esthetique.js";"584";"";"Refaire UN message précis, par lien ou par sélection";"";"";"";""
"commands.esthetique.056";"commands/esthetique.js";"588";"";"Lien du message (clic droit → Copier le lien). Vide = choisir dans une liste";"";"";"";""
"commands.esthetique.057";"commands/esthetique.js";"594";"";"Comment traiter ce message ?";"";"";"";""
"commands.esthetique.058";"commands/esthetique.js";"598";"";"Recréer en carte sans bordure — perd réactions et liens";"";"";"";""
"commands.esthetique.059";"commands/esthetique.js";"604";"";"Que faire de la couleur existante ?";"";"";"";""
"commands.esthetique.060";"commands/esthetique.js";"607";"";"Garder celle qui a un sens (rouge = sanction…)";"";"";"";""
"commands.esthetique.061";"commands/esthetique.js";"608";"";"Uniformiser sur la couleur d'accent";"";"";"";""
"commands.esthetique.062";"commands/esthetique.js";"618";"";"⛔ Réservé au **créateur du bot** : l'esthétique appartient au bot et s'applique sur tous ses serveurs à la fois.";"";"";"";""
"commands.esthetique.063";"commands/esthetique.js";"642";"";"⏳ Balayage lancé sur **tous les serveurs** du bot.\n";"";"";"";""
"commands.esthetique.064";"commands/esthetique.js";"643";"";"-# Le compte rendu s'affichera ici, ou en message privé si le balayage dure plus que la réponse de la commande.";"";"";"";""
"commands.esthetique.065";"commands/esthetique.js";"674";"";"⏳ Le balayage de `/esthetique` **continue** : il a dépassé la durée de vie de la réponse de la commande.\n";"";"";"";""
"commands.esthetique.066";"commands/esthetique.js";"675";"";"-# Je t'envoie le compte rendu ici dès qu'il est terminé — rien n'est interrompu.";"";"";"";""
"commands.esthetique.067";"commands/esthetique.js";"705";"";"identité désactivée";"";"";"";""
"commands.esthetique.068";"commands/esthetique.js";"714";"";"bot introuvable sur ce serveur";"";"";"";""
"commands.esthetique.069";"commands/esthetique.js";"822";"";"Résultat global";"";"";"";""
"commands.esthetique.070";"commands/esthetique.js";"826";"";"embed examiné";"";"";"";""
"commands.esthetique.071";"commands/esthetique.js";"827";"";"Ce qui a été refait";"";"";"";""
"commands.esthetique.072";"commands/esthetique.js";"828";"";"Champs d'embed → **sections** ◆ / ➜";"";"";"";""
"commands.esthetique.073";"commands/esthetique.js";"829";"";"Filet, bannière, signature et ligne d'auteur **remis à la version du jour**";"";"";"";""
"commands.esthetique.074";"commands/esthetique.js";"830";"OUI — valeur technique, laisser tel quel";"Couleurs **uniformisées**";"Couleurs **uniformisées**";"Couleurs **uniformisées**";"Couleurs **uniformisées**";"Couleurs **uniformisées**"
"commands.esthetique.075";"commands/esthetique.js";"830";"";"Couleurs porteuses de sens **conservées**";"";"";"";""
"commands.esthetique.076";"commands/esthetique.js";"833";"";"Modifiés **sur place** : réactions, épingles et liens conservés";"";"";"";""
"commands.esthetique.077";"commands/esthetique.js";"844";"";"⚠️ Pourquoi la barre colorée est toujours là";"";"";"";""
"commands.esthetique.078";"commands/esthetique.js";"846";"";"Discord **fige** la famille de composants d'un message à sa création — aucune modification ne transforme un embed en carte";"";"";"";""
"commands.esthetique.079";"commands/esthetique.js";"847";"";"Pour les convertir : `/esthetique appliquer mode:Recréer`";"";"";"";""
"commands.esthetique.080";"commands/esthetique.js";"848";"";"À savoir : la recréation **perd** réactions, réponses accrochées, liens partagés et date d'origine";"";"";"";""
"commands.esthetique.081";"commands/esthetique.js";"862";"";"🎨 Anciens embeds refaits au style actuel";"";"";"";""
"commands.esthetique.082";"commands/esthetique.js";"871";"";"♻️ Messages **recréés en cartes**. Réactions, réponses et liens vers les anciens messages sont perdus — c'était le prix de la conversion.";"";"";"";""
"commands.esthetique.083";"commands/esthetique.js";"872";"";"♻️ Embeds **reconstruits sur place** : réactions, épingles, réponses et liens conservés.";"";"";"";""
"commands.esthetique.084";"commands/esthetique.js";"874";"";"ℹ️ Rien à changer : les messages examinés portent déjà le style actuel. Ceux écrits par **un membre** ou **un autre bot** ne sont pas modifiables — Discord ne l'autorise pas.";"";"";"";""
"commands.esthetique.085";"commands/esthetique.js";"910";"";"⚠️ /esthetique : compte rendu non remis (réponse expirée et messages privés fermés).";"";"";"";""
"commands.info.001";"commands/info.js";"23";"";"🥉 Bronze";"";"";"";""
"commands.info.002";"commands/info.js";"23";"";"🥈 Argent";"";"";"";""
"commands.info.003";"commands/info.js";"23";"";"💎 Platine";"";"";"";""
"commands.info.004";"commands/info.js";"23";"";"👑 Légende";"";"";"";""
"commands.info.005";"commands/info.js";"24";"";"💋 Bisous";"";"";"";""
"commands.info.006";"commands/info.js";"24";"";"🤗 Câlins";"";"";"";""
"commands.info.007";"commands/info.js";"24";"";"🖐️ Caresses";"";"";"";""
"commands.info.008";"commands/info.js";"24";"";"🦷 Morsures";"";"";"";""
"commands.info.009";"commands/info.js";"24";"";"👅 Léchouilles";"";"";"";""
"commands.info.010";"commands/info.js";"49";"";"*Aucun badge pour le moment — utilisez `/interact` !*";"";"";"";""
"commands.info.011";"commands/info.js";"67";"";"Voir les informations d'un membre (visible uniquement par vous)";"View a member's information (only visible to you)";"";"";""
"commands.info.012";"commands/info.js";"69";"";"Membre à consulter (vous-même par défaut)";"";"";"";""
"commands.info.013";"commands/info.js";"80";"";"💬 Nom";"";"";"";""
"commands.info.014";"commands/info.js";"83";"";"🚫 Blacklist";"";"";"";""
"commands.info.015";"commands/info.js";"86";"";"*aucune raison précisée*";"";"";"";""
"commands.info.016";"commands/info.js";"86";"";"✅ Non blacklisté";"";"";"";""
"commands.info.017";"commands/info.js";"90";"";"🏅 Badges";"";"";"";""
"commands.info.018";"commands/info.js";"92";"";"Visible uniquement par vous";"";"";"";""
"commands.info.019";"commands/info.js";"98";"";"🛡️ Équipe du bot";"";"";"";""
"commands.info.020";"commands/info.js";"101";"OUI — valeur technique, laisser tel quel";"👑 **Créateur du bot**";"👑 **Créateur du bot**";"👑 **Créateur du bot**";"👑 **Créateur du bot**";"👑 **Créateur du bot**"
"commands.info.021";"commands/info.js";"103";"OUI — valeur technique, laisser tel quel";"🛡️ **Membre du staff du bot**";"🛡️ **Membre du staff du bot**";"🛡️ **Membre du staff du bot**";"🛡️ **Membre du staff du bot**";"🛡️ **Membre du staff du bot**"
"commands.info.022";"commands/info.js";"115";"OUI — valeur technique, laisser tel quel";"👑 Créateur du bot";"👑 Créateur du bot";"👑 Créateur du bot";"👑 Créateur du bot";"👑 Créateur du bot"
"commands.info.023";"commands/info.js";"115";"";"🛡️ Staff du bot";"";"";"";""
"commands.info.024";"commands/info.js";"118";"";"Vous êtes reconnu comme le **créateur** de ce bot. Cliquez ci-dessous pour le prouver publiquement.";"";"";"";""
"commands.info.025";"commands/info.js";"119";"";"Vous êtes reconnu comme **membre du staff** de ce bot. Cliquez ci-dessous pour le prouver publiquement.";"";"";"";""
"commands.info.026";"commands/info.js";"126";"OUI — valeur technique, laisser tel quel";"👑 Me désigner comme créateur";"👑 Me désigner comme créateur";"👑 Me désigner comme créateur";"👑 Me désigner comme créateur";"👑 Me désigner comme créateur"
"commands.info.027";"commands/info.js";"126";"";"🛡️ Me désigner comme staff";"";"";"";""
"commands.info.028";"commands/info.js";"141";"";"⛔ Ce bouton ne vous appartient pas.";"";"";"";""
"commands.info.029";"commands/info.js";"150";"";"⛔ Sécurité : votre rôle vis-à-vis du bot n'est plus valide.";"";"";"";""
"commands.info.030";"commands/info.js";"159";"";"👑 Créateur officiel du bot";"";"";"";""
"commands.info.031";"commands/info.js";"162";"";"Cette attestation est émise par le bot lui-même : elle prouve de manière fiable ";"";"";"";""
"commands.info.032";"commands/info.js";"163";"";"que ce membre est bien à l'origine du bot.";"";"";"";""
"commands.info.033";"commands/info.js";"167";"";"🛡️ Membre officiel du staff du bot";"";"";"";""
"commands.info.034";"commands/info.js";"171";"";"que ce membre fait partie de l'équipe du bot.";"";"";"";""
"commands.interact.001";"commands/interact.js";"23";"";"💋 Rendre le bisou";"";"";"";""
"commands.interact.002";"commands/interact.js";"24";"";"😚 Rendre le bisou";"";"";"";""
"commands.interact.003";"commands/interact.js";"25";"";"Câlins";"";"";"";""
"commands.interact.004";"commands/interact.js";"25";"";"🤗 Rendre le câlin";"";"";"";""
"commands.interact.005";"commands/interact.js";"26";"";"🖐️ Caresser aussi";"";"";"";""
"commands.interact.006";"commands/interact.js";"27";"";"😬 Mordre aussi";"";"";"";""
"commands.interact.007";"commands/interact.js";"28";"";"Léchouilles";"";"";"";""
"commands.interact.008";"commands/interact.js";"28";"";"👅 Rendre la léchouille";"";"";"";""
"commands.interact.009";"commands/interact.js";"32";"";"⛔ Seule la personne visée peut répondre à cette interaction.";"";"";"";""
"commands.interact.010";"commands/interact.js";"33";"";"😅 Vous ne pouvez pas faire ça tout seul… choisissez quelqu'un d'autre !";"";"";"";""
"commands.interact.011";"commands/interact.js";"34";"";"🤖 Les autres bots n'ont pas de sentiments… enfin je crois.";"";"";"";""
"commands.interact.012";"commands/interact.js";"35";"";"😳 *rougit* … accepté !";"";"";"";""
"commands.interact.013";"commands/interact.js";"36";"";"⚠️ GIF momentanément indisponible";"";"";"";""
"commands.interact.014";"commands/interact.js";"38";"";"🏅 Nouveau badge débloqué !";"";"";"";""
"commands.interact.015";"commands/interact.js";"40";"";"🏅 Vos badges d'interactions";"";"";"";""
"commands.interact.016";"commands/interact.js";"41";"";"Aucun badge pour le moment — utilisez `/interact` pour en débloquer (paliers : 10, 50, 100, 250, 500) !";"";"";"";""
"commands.interact.017";"commands/interact.js";"46";"";"💋 Kiss back";"";"";"";""
"commands.interact.018";"commands/interact.js";"47";"";"😚 Kiss back";"";"";"";""
"commands.interact.019";"commands/interact.js";"48";"";"🤗 Hug back";"";"";"";""
"commands.interact.020";"commands/interact.js";"49";"";"s head.`, count: (n) => `✨ **${n}** headpats shared.`, back: ";"";"";"";""
"commands.interact.021";"commands/interact.js";"50";"";"😬 Bite back";"";"";"";""
"commands.interact.022";"commands/interact.js";"51";"";"👅 Lick back";"";"";"";""
"commands.interact.023";"commands/interact.js";"55";"";"⛔ Only the targeted person can respond to this interaction.";"";"";"";""
"commands.interact.024";"commands/interact.js";"56";"";"😅 You can't do that alone… pick someone else!";"";"";"";""
"commands.interact.025";"commands/interact.js";"57";"";"🤖 Other bots don't have feelings… I think.";"";"";"";""
"commands.interact.026";"commands/interact.js";"58";"";"😳 *blushes* … accepted!";"";"";"";""
"commands.interact.027";"commands/interact.js";"59";"";"⚠️ GIF temporarily unavailable";"";"";"";""
"commands.interact.028";"commands/interact.js";"61";"";"🏅 New badge unlocked!";"";"";"";""
"commands.interact.029";"commands/interact.js";"63";"";"🏅 Your interaction badges";"";"";"";""
"commands.interact.030";"commands/interact.js";"64";"";"No badges yet — use `/interact` to unlock them (milestones: 10, 50, 100, 250, 500)!";"";"";"";""
"commands.interact.031";"commands/interact.js";"69";"";"💋 Devolver el beso";"";"";"";""
"commands.interact.032";"commands/interact.js";"70";"";"😚 Devolver el beso";"";"";"";""
"commands.interact.033";"commands/interact.js";"71";"";"🤗 Devolver el abrazo";"";"";"";""
"commands.interact.034";"commands/interact.js";"72";"";"🖐️ Acariciar también";"";"";"";""
"commands.interact.035";"commands/interact.js";"73";"";"😬 Morder también";"";"";"";""
"commands.interact.036";"commands/interact.js";"74";"";"👅 Devolver el lametón";"";"";"";""
"commands.interact.037";"commands/interact.js";"78";"";"⛔ Solo la persona señalada puede responder a esta interacción.";"";"";"";""
"commands.interact.038";"commands/interact.js";"79";"";"😅 ¡No puedes hacer eso solo… elige a otra persona!";"";"";"";""
"commands.interact.039";"commands/interact.js";"80";"";"🤖 Los otros bots no tienen sentimientos… creo.";"";"";"";""
"commands.interact.040";"commands/interact.js";"81";"";"😳 *se sonroja* … ¡aceptado!";"";"";"";""
"commands.interact.041";"commands/interact.js";"82";"";"⚠️ GIF temporalmente no disponible";"";"";"";""
"commands.interact.042";"commands/interact.js";"84";"";"🏅 ¡Nueva insignia desbloqueada!";"";"";"";""
"commands.interact.043";"commands/interact.js";"86";"";"🏅 Tus insignias de interacciones";"";"";"";""
"commands.interact.044";"commands/interact.js";"87";"";"¡Aún no tienes insignias — usa `/interact` para desbloquearlas (niveles: 10, 50, 100, 250, 500)!";"";"";"";""
"commands.interact.045";"commands/interact.js";"92";"";"Küsse";"";"";"";""
"commands.interact.046";"commands/interact.js";"92";"";"💋 Zurückküssen";"";"";"";""
"commands.interact.047";"commands/interact.js";"93";"";"😚 Zurückküssen";"";"";"";""
"commands.interact.048";"commands/interact.js";"94";"";"🤗 Zurückumarmen";"";"";"";""
"commands.interact.049";"commands/interact.js";"95";"";"🖐️ Auch streicheln";"";"";"";""
"commands.interact.050";"commands/interact.js";"96";"";"😬 Zurückbeißen";"";"";"";""
"commands.interact.051";"commands/interact.js";"97";"";"👅 Zurücklecken";"";"";"";""
"commands.interact.052";"commands/interact.js";"101";"";"⛔ Nur die angesprochene Person kann auf diese Interaktion antworten.";"";"";"";""
"commands.interact.053";"commands/interact.js";"102";"";"😅 Das kannst du nicht alleine… wähle jemand anderen!";"";"";"";""
"commands.interact.054";"commands/interact.js";"103";"";"🤖 Andere Bots haben keine Gefühle… glaube ich.";"";"";"";""
"commands.interact.055";"commands/interact.js";"104";"";"😳 *errötet* … angenommen!";"";"";"";""
"commands.interact.056";"commands/interact.js";"105";"";"⚠️ GIF vorübergehend nicht verfügbar";"";"";"";""
"commands.interact.057";"commands/interact.js";"107";"";"🏅 Neues Abzeichen freigeschaltet!";"";"";"";""
"commands.interact.058";"commands/interact.js";"109";"";"🏅 Deine Interaktions-Abzeichen";"";"";"";""
"commands.interact.059";"commands/interact.js";"110";"";"Noch keine Abzeichen — nutze `/interact`, um welche freizuschalten (Stufen: 10, 50, 100, 250, 500)!";"";"";"";""
"commands.interact.060";"commands/interact.js";"129";"";"Légende";"";"";"";""
"commands.interact.061";"commands/interact.js";"189";"";" (SELECT rowid FROM gif_cache WHERE categorie = ? ORDER BY at DESC LIMIT ?)";"";"";"";""
"commands.interact.062";"commands/interact.js";"324";"";"⛔ Le module interactions est désactivé sur ce bot par son administrateur.";"";"";"";""
"commands.interact.063";"commands/interact.js";"328";"";"⛔ Le module interactions n'est pas autorisé sur ce serveur.";"";"";"";""
"commands.interact.064";"commands/interact.js";"343";"";"Interactions : bisous, câlins, caresses, morsures (GIF anime)";"";"";"";""
"commands.interact.065";"commands/interact.js";"344";"";"Interactions: kisses, hugs, pats, bites (anime GIFs)";"";"";"";""
"commands.interact.066";"commands/interact.js";"350";"";"Faire un bisou à quelqu'un 💋";"";"";"";""
"commands.interact.067";"commands/interact.js";"351";"";"Give someone a sweet kiss 💋";"";"";"";""
"commands.interact.068";"commands/interact.js";"352";"";"À qui faire un bisou ?";"";"";"";""
"commands.interact.069";"commands/interact.js";"356";"";"Où ? (défaut : sur les lèvres)";"";"";"";""
"commands.interact.070";"commands/interact.js";"358";"";"Sur les lèvres 💋";"";"";"";""
"commands.interact.071";"commands/interact.js";"358";"";"Sur la joue 😚";"";"";"";""
"commands.interact.072";"commands/interact.js";"364";"";"Faire un câlin à quelqu'un 🤗";"";"";"";""
"commands.interact.073";"commands/interact.js";"365";"";"A little hug, perhaps? 🤗";"";"";"";""
"commands.interact.074";"commands/interact.js";"366";"";"À qui faire un câlin ?";"";"";"";""
"commands.interact.075";"commands/interact.js";"371";"";"Caresser la tête de quelqu'un 🖐️";"";"";"";""
"commands.interact.076";"commands/interact.js";"372";"";"Gently pat someone on the head 🖐️";"";"";"";""
"commands.interact.077";"commands/interact.js";"378";"";"Mordiller quelqu'un 😬";"";"";"";""
"commands.interact.078";"commands/interact.js";"379";"";"Playfully bite someone 😬";"";"";"";""
"commands.interact.079";"commands/interact.js";"385";"";"Lécher quelqu'un 👅";"";"";"";""
"commands.interact.080";"commands/interact.js";"386";"";"Lick someone in a cheeky way 👅";"";"";"";""
"commands.interact.081";"commands/interact.js";"387";"";"Qui lécher ?";"";"";"";""
"commands.interact.082";"commands/interact.js";"392";"";"Voir vos badges d'interactions 🏅";"";"";"";""
"commands.interact.083";"commands/interact.js";"393";"";"View your interaction badges 🏅";"";"";"";""
"commands.interact.084";"commands/interact.js";"476";"";"❌ Une erreur est survenue.";"";"";"";""
"commands.invite.001";"commands/invite.js";"21";"";"Inviter le bot sur votre serveur Discord";"Invite the bot to your Discord server";"";"";""
"commands.invite.002";"commands/invite.js";"23";"";"Invite the bot to your Discord server";"";"";"";""
"commands.invite.003";"commands/invite.js";"37";"";"• **Sur un serveur** : ajoutez le bot avec toutes ses fonctionnalités (RP, tickets, modération…)\n";"";"";"";""
"commands.invite.004";"commands/invite.js";"38";"";"• **Sur votre compte** : utilisez `/interact`, `/info` et `/invite` partout, même sans le bot sur le serveur";"";"";"";""
"commands.invite.005";"commands/invite.js";"41";"";"➕ Ajouter à un serveur";"";"";"";""
"commands.invite.006";"commands/invite.js";"42";"";"👤 Installer sur mon compte";"";"";"";""
"commands.matricule.001";"commands/matricule.js";"28";"";"Matricules RP : relie matricule, pseudo du jeu et compte Discord";"RP service numbers: links number, in-game name and Discord account";"";"";""
"commands.matricule.002";"commands/matricule.js";"31";"";"Retrouver quelqu'un par matricule, pseudo du jeu ou pseudo Discord";"Find someone by service number, in-game name or Discord name";"";"";""
"commands.matricule.003";"commands/matricule.js";"33";"";"Matricule, pseudo Roblox, pseudo Discord, mention ou identifiant";"Service number, Roblox name, Discord name, mention or ID";"";"";""
"commands.matricule.004";"commands/matricule.js";"37";"";"Voir la fiche d'un membre";"View a member's record";"";"";""
"commands.matricule.005";"commands/matricule.js";"38";"";"Membre (défaut : vous)";"Member (defaults to you)";"";"";""
"commands.matricule.006";"commands/matricule.js";"40";"";"Tous les matricules du serveur";"Every service number on the server";"";"";""
"commands.matricule.007";"commands/matricule.js";"43";"";"[Staff] Attribuer ou modifier un matricule";"[Staff] Assign or change a service number";"";"";""
"commands.matricule.008";"commands/matricule.js";"44";"";"À qui";"To whom";"";"";""
"commands.matricule.009";"commands/matricule.js";"45";"";"Son pseudo dans le jeu";"Their in-game name";"";"";""
"commands.matricule.010";"commands/matricule.js";"46";"";"Laisser vide pour le prochain numéro libre";"Leave empty for the next free number";"";"";""
"commands.matricule.011";"commands/matricule.js";"47";"";"Grade, unité, remarque…";"Rank, unit, note…";"";"";""
"commands.matricule.012";"commands/matricule.js";"50";"";"[Staff] Retirer le matricule d'un membre";"[Staff] Remove a member's service number";"";"";""
"commands.matricule.013";"commands/matricule.js";"54";"";"[Staff] Publier le panneau des matricules dans un salon";"[Staff] Post the service-number board in a channel";"";"";""
"commands.matricule.014";"commands/matricule.js";"55";"";"Salon du panneau";"Board channel";"";"";""
"commands.matricule.015";"commands/matricule.js";"62";"";"⛔ Réservé au **staff** du serveur.";"⛔ Reserved for server **staff**.";"";"";""
"commands.matricule.016";"commands/matricule.js";"77";"";"🔎 Aucune correspondance exacte";"🔎 No exact match";"";"";""
"commands.matricule.017";"commands/matricule.js";"86";"";"➜ Essayez le **matricule**, le **pseudo du jeu**, une **mention** ou un **identifiant Discord**.\n";"";"";"";""
"commands.matricule.018";"commands/matricule.js";"87";"";"-# Si la personne n'a pas encore de matricule, un staff peut lui en attribuer un : `/matricule attribuer`.";"";"";"";""
"commands.matricule.019";"commands/matricule.js";"99";"";"❌ Vous n'avez pas encore de matricule sur ce serveur.";"❌ You don't have a service number on this server yet.";"";"";""
"commands.matricule.020";"commands/matricule.js";"128";"";"🔢 Matricule attribué";"🔢 Service number assigned";"";"";""
"commands.matricule.021";"commands/matricule.js";"134";"";" attribué.";"";"";"";""
"commands.matricule.022";"commands/matricule.js";"148";"";"🔢 Matricule retiré";"🔢 Service number removed";"";"";""
"commands.matricule.023";"commands/matricule.js";"150";"";"-# La fiche est conservée : l'historique dit qui portait ce numéro.";"-# The record is kept: the history shows who held this number.";"";"";""
"commands.matricule.024";"commands/matricule.js";"182";"";"🔎 Chercher un matricule";"🔎 Find a service number";"";"";""
"commands.matricule.025";"commands/matricule.js";"185";"";"Matricule, pseudo du jeu, @ ou identifiant";"Service number, in-game name, @ or ID";"";"";""
"commands.matricule.026";"commands/matricule.js";"208";"";"Identité";"Identity";"";"";""
"commands.moderation.001";"commands/moderation.js";"7";"";"🛡️ Cet utilisateur est **immunisé** (créateur du bot ou liste d'immunité) : action refusée.";"";"";"";""
"commands.moderation.002";"commands/moderation.js";"20";"";"[Staff] Bannir un membre du serveur";"";"";"";""
"commands.moderation.003";"commands/moderation.js";"22";"";"Membre à bannir";"";"";"";""
"commands.moderation.004";"commands/moderation.js";"23";"";"Raison du ban";"";"";"";""
"commands.moderation.005";"commands/moderation.js";"25";"";"Supprimer ses messages des X derniers jours (0-7)";"";"";"";""
"commands.moderation.006";"commands/moderation.js";"33";"";"Aucune raison précisée";"";"";"";""
"commands.moderation.007";"commands/moderation.js";"42";"";"🔨 Ban";"";"";"";""
"commands.moderation.008";"commands/moderation.js";"50";"";"[Staff] Expulser un membre du serveur";"";"";"";""
"commands.moderation.009";"commands/moderation.js";"52";"";"Membre à expulser";"";"";"";""
"commands.moderation.010";"commands/moderation.js";"53";"";"Raison de l'expulsion";"";"";"";""
"commands.moderation.011";"commands/moderation.js";"62";"";"❌ Membre introuvable sur le serveur.";"";"";"";""
"commands.moderation.012";"commands/moderation.js";"68";"";"👢 Kick";"";"";"";""
"commands.moderation.013";"commands/moderation.js";"76";"";"[Staff] Rendre muet un membre (timeout Discord)";"";"";"";""
"commands.moderation.014";"commands/moderation.js";"78";"";"Membre à mute";"";"";"";""
"commands.moderation.015";"commands/moderation.js";"80";"";"Durée en minutes (max 40320 = 28 jours)";"";"";"";""
"commands.moderation.016";"commands/moderation.js";"83";"";"Raison du mute";"";"";"";""
"commands.moderation.017";"commands/moderation.js";"101";"";"🔇 Mute";"";"";"";""
"commands.moderation.018";"commands/moderation.js";"109";"";"[Staff] Retirer le mute d'un membre";"";"";"";""
"commands.moderation.019";"commands/moderation.js";"111";"";"Membre à démute";"";"";"";""
"commands.moderation.020";"commands/moderation.js";"122";"";"🔊 Unmute";"";"";"";""
"commands.moderation.021";"commands/moderation.js";"131";"";"[Admin] Ban global : bannit sur tous les serveurs du bot + auto-ban à l'arrivée";"";"";"";""
"commands.moderation.022";"commands/moderation.js";"136";"";"Ajouter un ban global";"";"";"";""
"commands.moderation.023";"commands/moderation.js";"137";"";"Utilisateur à bannir globalement";"";"";"";""
"commands.moderation.024";"commands/moderation.js";"143";"";"Retirer un ban global (débannit sur tous les serveurs)";"";"";"";""
"commands.moderation.025";"commands/moderation.js";"144";"";"Utilisateur à débannir";"";"";"";""
"commands.moderation.026";"commands/moderation.js";"170";"";"🌍 Ban global";"";"";"";""
"commands.moderation.027";"commands/moderation.js";"191";"";"🌍 Ban global retiré";"";"";"";""
"commands.musique.001";"commands/musique.js";"23";"";"❌ Les bibliothèques audio ne sont pas installées sur cet hébergement.\n";"";"";"";""
"commands.musique.002";"commands/musique.js";"24";"";"➜ Lancez `npm install` à côté du bot, puis redémarrez-le.";"";"";"";""
"commands.musique.003";"commands/musique.js";"54";"";"▶️ Lecture en cours";"▶️ Now playing";"";"";""
"commands.musique.004";"commands/musique.js";"60";"";"À suivre";"Up next";"";"";""
"commands.musique.005";"commands/musique.js";"89";"";"Musique en vocal — YouTube, SoundCloud, Spotify, Deezer";"Voice music — YouTube, SoundCloud, Spotify, Deezer";"";"";""
"commands.musique.006";"commands/musique.js";"91";"";"Jouer un lien (YouTube, SoundCloud, Spotify, Deezer) ou chercher un titre";"Play a link (YouTube, SoundCloud, Spotify, Deezer) or search for a track";"";"";""
"commands.musique.007";"commands/musique.js";"92";"";"Lien ou recherche";"Link or search";"";"";""
"commands.musique.008";"commands/musique.js";"93";"";"Ce qui joue en ce moment";"What's playing right now";"";"";""
"commands.musique.009";"commands/musique.js";"94";"";"La file d'attente";"The queue";"";"";""
"commands.musique.010";"commands/musique.js";"95";"";"Passer au morceau suivant";"Skip to the next track";"";"";""
"commands.musique.011";"commands/musique.js";"96";"";"Mettre en pause";"Pause";"";"";""
"commands.musique.012";"commands/musique.js";"97";"";"Reprendre la lecture";"Resume playback";"";"";""
"commands.musique.013";"commands/musique.js";"98";"";"Arrêter et quitter le vocal";"Stop and leave the voice channel";"";"";""
"commands.musique.014";"commands/musique.js";"99";"";"Mélanger la file d'attente";"Shuffle the queue";"";"";""
"commands.musique.015";"commands/musique.js";"101";"";"Retirer un morceau de la file";"Remove a track from the queue";"";"";""
"commands.musique.016";"commands/musique.js";"102";"";"Sa position dans la file";"Its position in the queue";"";"";""
"commands.musique.017";"commands/musique.js";"104";"";"Répéter le morceau ou toute la file";"Repeat the track or the whole queue";"";"";""
"commands.musique.018";"commands/musique.js";"105";"";"Quoi répéter";"What to repeat";"";"";""
"commands.musique.019";"commands/musique.js";"109";"";"Toute la file";"";"";"";""
"commands.musique.020";"commands/musique.js";"112";"";"Régler le volume (0 à 200 %)";"Set the volume (0 to 200%)";"";"";""
"commands.musique.021";"commands/musique.js";"114";"";"Ce que le bot sait lire, et comment";"What the bot can play, and how";"";"";""
"commands.musique.022";"commands/musique.js";"116";"";"Tester la connexion vocale et dire précisément où elle bloque";"Test the voice connection and pinpoint where it fails";"";"";""
"commands.musique.023";"commands/musique.js";"127";"";"📭 Je ne joue rien pour le moment.";"📭 I'm not playing anything right now.";"";"";""
"commands.musique.024";"commands/musique.js";"131";"";"📭 Rien en lecture.";"📭 Nothing playing.";"";"";""
"commands.musique.025";"commands/musique.js";"137";"";"📭 La file est vide.";"📭 The queue is empty.";"";"";""
"commands.musique.026";"commands/musique.js";"144";"";"❌ Rien à passer.";"❌ Nothing to skip.";"";"";""
"commands.musique.027";"commands/musique.js";"148";"";"❌ Déjà en pause, ou rien en lecture.";"";"";"";""
"commands.musique.028";"commands/musique.js";"152";"";"❌ Rien n'est en pause.";"";"";"";""
"commands.musique.029";"commands/musique.js";"156";"";"demandé";"";"";"";""
"commands.musique.030";"commands/musique.js";"156";"OUI — valeur technique, laisser tel quel";"⏹️ Terminé, je quitte le vocal.";"⏹️ Terminé, je quitte le vocal.";"⏹️ Terminé, je quitte le vocal.";"⏹️ Terminé, je quitte le vocal.";"⏹️ Terminé, je quitte le vocal."
"commands.musique.031";"commands/musique.js";"156";"";"❌ Rien en lecture.";"❌ Nothing playing.";"";"";""
"commands.musique.032";"commands/musique.js";"162";"OUI — valeur technique, laisser tel quel";"🔀 File mélangée.";"🔀 File mélangée.";"🔀 File mélangée.";"🔀 File mélangée.";"🔀 File mélangée."
"commands.musique.033";"commands/musique.js";"163";"";"❌ Il faut au moins deux morceaux en attente pour mélanger.";"❌ At least two queued tracks are needed to shuffle.";"";"";""
"commands.musique.034";"commands/musique.js";"170";"";"❌ Aucun morceau à cette position.";"❌ No track at that position.";"";"";""
"commands.musique.035";"commands/musique.js";"176";"";"➡️ Plus de répétition.";"➡️ Repeat off.";"";"";""
"commands.musique.036";"commands/musique.js";"176";"";"🔂 Ce morceau tournera en boucle.";"🔂 This track will repeat.";"";"";""
"commands.musique.037";"commands/musique.js";"176";"";"🔁 Toute la file tournera en boucle.";"🔁 The whole queue will repeat.";"";"";""
"commands.musique.038";"commands/musique.js";"183";"";"\n-# Au-delà de 100 %, le son peut saturer.";"";"";"";""
"commands.musique.039";"commands/musique.js";"201";"";"📭 La lecture est terminée.";"";"";"";""
"commands.musique.040";"commands/musique.js";"234";"";"⏹️ File terminée.";"";"";"";""
"commands.musique.041";"commands/musique.js";"256";"";"Ajoutés à la file";"";"";"";""
"commands.musique.042";"commands/musique.js";"269";"";"Sans équivalent trouvé";"";"";"";""
"commands.musique.043";"commands/musique.js";"276";"";"➕ Ajouté à la file";"➕ Added to the queue";"";"";""
"commands.musique.044";"commands/musique.js";"293";"";"🔬 Rejoignez d'abord un salon vocal : le test a besoin d'un salon où essayer.";"";"";"";""
"commands.musique.045";"commands/musique.js";"299";"";"🔬 Je joue déjà : la connexion vocale fonctionne donc. Arrêtez avec `/musique stop` pour relancer le test.";"";"";"";""
"commands.musique.046";"commands/musique.js";"313";"";"🔬 Diagnostic de la connexion vocale";"🔬 Voice connection diagnostic";"";"";""
"commands.musique.047";"commands/musique.js";"319";"";"La poignée de main, étape par étape";"";"";"";""
"commands.musique.048";"commands/musique.js";"320";"OUI — valeur technique, laisser tel quel";"établie";"établie";"établie";"établie";"établie"
"commands.musique.049";"commands/musique.js";"324";"";"*(seule étape qui utilise l'UDP)*";"";"";"";""
"commands.musique.050";"commands/musique.js";"353";"";"*Rien d'autre en attente.*";"*Nothing else queued.*";"";"";""
"commands.musique.051";"commands/musique.js";"355";"";"🎶 File d'attente";"🎶 Queue";"";"";""
"commands.musique.052";"commands/musique.js";"366";"";"🎧 Ce que je sais lire";"🎧 What I can play";"";"";""
"commands.musique.053";"commands/musique.js";"368";"";"Diffusé directement";"Streamed directly";"";"";""
"commands.musique.054";"commands/musique.js";"369";"";"▶️ **YouTube** — vidéos et playlists";"";"";"";""
"commands.musique.055";"commands/musique.js";"370";"";" *(clé d'accès non obtenue)*";"";"";"";""
"commands.musique.056";"commands/musique.js";"372";"";"Lu, puis rejoué depuis YouTube";"Read, then replayed from YouTube";"";"";""
"commands.musique.057";"commands/musique.js";"373";"OUI — valeur technique, laisser tel quel";" — albums et playlists complets";" — albums et playlists complets";" — albums et playlists complets";" — albums et playlists complets";" — albums et playlists complets"
"commands.musique.058";"commands/musique.js";"373";"";" — piste seule *(sans identifiants d'application)*";"";"";"";""
"commands.musique.059";"commands/musique.js";"374";"";"🟣 **Deezer** — pistes, albums et playlists";"";"";"";""
"commands.musique.060";"commands/musique.js";"376";"";"-# ⚠️ Spotify et Deezer ne laissent **personne** diffuser leur audio : leurs flux sont réservés à leurs propres applications. ";"";"";"";""
"commands.musique.061";"commands/musique.js";"377";"";"Je lis donc la fiche du lien, puis je joue la même chanson depuis YouTube. Aucun bot Discord ne fait autrement.";"";"";"";""
"commands.musique.062";"commands/musique.js";"386";"";"-# Sans elle, la connexion vocale est acceptée puis n'aboutit jamais.";"";"";"";""
"commands.musique.063";"commands/musique.js";"388";"";"Soucis au démarrage";"";"";"";""
"commands.niveau.001";"commands/niveau.js";"11";"";"Système de niveaux (écrit et vocal réunis)";"Level system (text and voice combined)";"";"";""
"commands.niveau.002";"commands/niveau.js";"15";"";"Voir le niveau d'un membre";"View a member's level";"";"";""
"commands.niveau.003";"commands/niveau.js";"16";"";"Membre (défaut : vous)";"Member (defaults to you)";"";"";""
"commands.niveau.004";"commands/niveau.js";"18";"";"Top 10 du serveur";"Server top 10";"";"";""
"commands.niveau.005";"commands/niveau.js";"20";"";"Les rôles à débloquer par niveau sur ce serveur";"Roles unlocked by level on this server";"";"";""
"commands.niveau.006";"commands/niveau.js";"24";"";"[Staff] Image de fond des cartes de niveau (vide = retirer)";"[Staff] Background image for level cards (empty to remove)";"";"";""
"commands.niveau.007";"commands/niveau.js";"25";"";"URL de l'image (laisser vide pour retirer)";"Image URL (leave empty to remove)";"";"";""
"commands.niveau.008";"commands/niveau.js";"36";"";"📴 Le système de niveaux est **désactivé** sur ce serveur.\n";"";"";"";""
"commands.niveau.009";"commands/niveau.js";"37";"";"➜ Un staff peut le réactiver via `/config` → 📈 XP & niveaux.";"";"";"";""
"commands.niveau.010";"commands/niveau.js";"48";"";"🏅 Récompenses de niveau";"🏅 Level rewards";"";"";""
"commands.niveau.011";"commands/niveau.js";"59";"";"*Aucune récompense n'est configurée sur ce serveur.*\n";"";"";"";""
"commands.niveau.012";"commands/niveau.js";"60";"";"-# Un staff peut en ajouter via `/config` → 📈 XP & niveaux.";"";"";"";""
"commands.niveau.013";"commands/niveau.js";"65";"";"Aucune récompense configurée";"No rewards configured";"";"";""
"commands.niveau.014";"commands/niveau.js";"72";"";"⛔ Réservé au staff.";"⛔ Staff only.";"";"";""
"commands.niveau.015";"commands/niveau.js";"76";"";"❌ URL invalide (doit commencer par http).";"❌ Invalid URL (must start with http).";"";"";""
"commands.niveau.016";"commands/niveau.js";"79";"";"✅ Image des cartes de niveau mise à jour.";"✅ Level card image updated.";"";"";""
"commands.niveau.017";"commands/niveau.js";"79";"";"🧹 Image des cartes de niveau retirée.";"🧹 Level card image removed.";"";"";""
"commands.niveau.018";"commands/niveau.js";"101";"";"✍️ Dont écrit";"✍️ From chatting";"";"";""
"commands.niveau.019";"commands/niveau.js";"102";"";"🎙️ Dont vocal";"🎙️ From voice";"";"";""
"commands.niveau.020";"commands/niveau.js";"110";"";"❌ Aucune donnée de niveau pour le moment.";"❌ No level data yet.";"";"";""
"commands.niveau.021";"commands/niveau.js";"118";"";"🏆 Classement du serveur";"🏆 Server leaderboard";"";"";""
"commands.niveau.022";"commands/niveau.js";"120";"";"Écrit et vocal réunis en un seul niveau.";"Chat and voice combined into a single level.";"";"";""
"commands.owner.001";"commands/owner.js";"43";"";"[Admin] Redémarre le bot pour charger la dernière mise à jour publiée";"";"";"";""
"commands.owner.002";"commands/owner.js";"49";"";"🔄 **Redémarrage pour mise à jour…** Le bot vérifie la dernière version publiée sur GitHub, ";"";"";"";""
"commands.owner.003";"commands/owner.js";"50";"";"l'installe si besoin et revient en ligne dans quelques instants.";"";"";"";""
"commands.owner.004";"commands/owner.js";"55";"";"🔄 Update";"";"";"";""
"commands.owner.005";"commands/owner.js";"65";"";"[Propriétaire du bot] Éteint complètement le bot, depuis n'importe quel serveur";"";"";"";""
"commands.owner.006";"commands/owner.js";"71";"";"🛑 /stop refusé";"";"";"";""
"commands.owner.007";"commands/owner.js";"74";"";"⛔ Sécurité : seul le **propriétaire du bot** peut utiliser cette commande.";"";"";"";""
"commands.owner.008";"commands/owner.js";"78";"";"🛑 **Arrêt du bot.** À bientôt !";"";"";"";""
"commands.owner.009";"commands/owner.js";"81";"";"🛑 Bot éteint";"";"";"";""
"commands.partenariat.001";"commands/partenariat.js";"27";"";"🔗 Lien";"";"";"";""
"commands.partenariat.002";"commands/partenariat.js";"37";"";"Proposer un partenariat (le bot le publie après validation du staff)";"";"";"";""
"commands.partenariat.003";"commands/partenariat.js";"41";"";"Proposer un partenariat";"";"";"";""
"commands.partenariat.004";"commands/partenariat.js";"42";"";"Nom du serveur/partenaire";"";"";"";""
"commands.partenariat.005";"commands/partenariat.js";"43";"";"Présentation du partenariat";"";"";"";""
"commands.partenariat.006";"commands/partenariat.js";"45";"";"URL du logo";"";"";"";""
"commands.partenariat.007";"commands/partenariat.js";"50";"";"[Admin] Définir le salon où le bot publie les partenariats";"";"";"";""
"commands.partenariat.008";"commands/partenariat.js";"51";"";"Salon des partenariats";"";"";"";""
"commands.partenariat.009";"commands/partenariat.js";"60";"";"⛔ Réservé à l'administration.";"";"";"";""
"commands.partenariat.010";"commands/partenariat.js";"69";"";"❌ Aucun salon de partenariats défini. Un admin doit faire `/partenariat salon`.";"";"";"";""
"commands.partenariat.011";"commands/partenariat.js";"75";"";"❌ Salon de validation introuvable (configurez un salon staff).";"";"";"";""
"commands.partenariat.012";"commands/partenariat.js";"82";"";"✅ Proposition envoyée au staff pour validation.";"";"";"";""
"commands.partenariat.013";"commands/partenariat.js";"89";"";"⛔ Seul le staff peut valider un partenariat.";"";"";"";""
"commands.partenariat.014";"commands/partenariat.js";"99";"";"❌ Aucun salon de partenariats défini (`/partenariat salon`).";"";"";"";""
"commands.partenariat.015";"commands/partenariat.js";"103";"";"❌ Salon de partenariats introuvable.";"";"";"";""
"commands.partenariat.016";"commands/partenariat.js";"107";"";"🤝 Partenariat publié";"";"";"";""
"commands.patchnote.001";"commands/patchnote.js";"28";"";"Note de mise à jour";"";"";"";""
"commands.patchnote.002";"commands/patchnote.js";"43";"";"Patch note (côté utilisateurs)";"";"";"";""
"commands.patchnote.003";"commands/patchnote.js";"48";"";"Nouveautés visibles par les membres";"";"";"";""
"commands.patchnote.004";"commands/patchnote.js";"49";"";"✨ Amélioration";"";"";"";""
"commands.patchnote.005";"commands/patchnote.js";"49";"";"Ce qui a été amélioré";"";"";"";""
"commands.patchnote.006";"commands/patchnote.js";"50";"";"🔧 Fix";"";"";"";""
"commands.patchnote.007";"commands/patchnote.js";"50";"";"Bugs corrigés";"";"";"";""
"commands.patchnote.008";"commands/patchnote.js";"51";"";"➖ Retrait";"";"";"";""
"commands.patchnote.009";"commands/patchnote.js";"51";"";"Ce qui a été retiré";"";"";"";""
"commands.patchnote.010";"commands/patchnote.js";"59";"";"[Créateur] Notes de mise à jour : rédiger ou forcer la publication";"";"";"";""
"commands.patchnote.011";"commands/patchnote.js";"61";"";"[Créateur] Rédiger et publier une note (côté utilisateurs)";"";"";"";""
"commands.patchnote.012";"commands/patchnote.js";"66";"";"[Créateur] Forcer la publication des notes automatiques";"";"";"";""
"commands.patchnote.013";"commands/patchnote.js";"70";"";"Que publier ? (défaut : dernière version)";"";"";"";""
"commands.patchnote.014";"commands/patchnote.js";"73";"";"Dernière version";"";"";"";""
"commands.patchnote.015";"commands/patchnote.js";"74";"";"En attente (non encore annoncées)";"";"";"";""
"commands.patchnote.016";"commands/patchnote.js";"75";"";"Récapitulatif complet";"";"";"";""
"commands.patchnote.017";"commands/patchnote.js";"82";"";"⛔ Réservé au créateur du bot.";"";"";"";""
"commands.patchnote.018";"commands/patchnote.js";"98";"";"ℹ️ Aucune note en attente : toutes les versions du journal ont déjà été annoncées.";"";"";"";""
"commands.patchnote.019";"commands/patchnote.js";"103";"";"-# La mention éventuelle dépend du réglage de chaque serveur — aucune par défaut.";"";"";"";""
"commands.patchnote.020";"commands/patchnote.js";"124";"";"🔎 **Aperçu** — voici la note qui sera publiée dans le salon patch note de chaque serveur :";"";"";"";""
"commands.patchnote.021";"commands/patchnote.js";"134";"";"⏳ Brouillon expiré.";"";"";"";""
"commands.patchnote.022";"commands/patchnote.js";"137";"";"❌ Annulé.";"";"";"";""
"commands.patchnote.023";"commands/patchnote.js";"141";"";"⛔ Réservé au créateur.";"";"";"";""
"commands.permis.001";"commands/permis.js";"23";"";"Système de permis de conduire RP";"RP driving licence system";"";"";""
"commands.permis.002";"commands/permis.js";"27";"";"[Staff] Délivrer un permis (numéro généré, 12 points, daté du jour)";"";"";"";""
"commands.permis.003";"commands/permis.js";"28";"";"Membre concerné";"";"";"";""
"commands.permis.004";"commands/permis.js";"33";"";"Afficher un permis";"";"";"";""
"commands.permis.005";"commands/permis.js";"34";"";"Membre (défaut : vous)";"Member (defaults to you)";"";"";""
"commands.permis.006";"commands/permis.js";"39";"";"[Staff/Police] Retirer des points (0 point = permis invalide)";"";"";"";""
"commands.permis.007";"commands/permis.js";"42";"";"Points à retirer";"";"";"";""
"commands.permis.008";"commands/permis.js";"44";"";"Raison (infraction RP)";"";"";"";""
"commands.permis.009";"commands/permis.js";"49";"";"[Staff] Rendre des points (maximum 12)";"";"";"";""
"commands.permis.010";"commands/permis.js";"52";"";"Points à rendre";"";"";"";""
"commands.permis.011";"commands/permis.js";"58";"";"[Staff] Invalider un permis (suspension/annulation RP)";"";"";"";""
"commands.permis.012";"commands/permis.js";"65";"";"[Staff] Revalider un permis invalidé";"";"";"";""
"commands.permis.013";"commands/permis.js";"71";"";"[Staff] Supprimer un permis";"";"";"";""
"commands.permis.014";"commands/permis.js";"83";"";"⛔ Sécurité : cette sous-commande est réservée au **staff**.";"⛔ Security: this subcommand is reserved for **staff**.";"";"";""
"commands.permis.015";"commands/permis.js";"93";"";"abord avoir une **carte d";"";"";"";""
"commands.permis.016";"commands/permis.js";"113";"";"🚗 Permis délivré";"";"";"";""
"commands.permis.017";"commands/permis.js";"143";"";"Aucune raison précisée";"";"";"";""
"commands.permis.018";"commands/permis.js";"151";"";"\n❌ **Permis invalidé** (plus aucun point).";"";"";"";""
"commands.permis.019";"commands/permis.js";"157";"";"🚗 Points retirés";"";"";"";""
"commands.permis.020";"commands/permis.js";"187";"";"🚗 Permis invalidé";"";"";"";""
"commands.permis.021";"commands/permis.js";"207";"";"🚗 Permis supprimé";"";"";"";""
"commands.preset.001";"commands/preset.js";"25";"";"[Staff] Réponses types que le bot peut envoyer dans un ticket";"";"";"";""
"commands.preset.002";"commands/preset.js";"29";"";"Créer une réponse type";"";"";"";""
"commands.preset.003";"commands/preset.js";"30";"";"Nom affiché dans la liste déroulante";"";"";"";""
"commands.preset.004";"commands/preset.js";"31";"";"Texte envoyé — && = barre, &> = liste, \\n = saut de ligne";"";"";"";""
"commands.preset.005";"commands/preset.js";"32";"";"Titre de l'embed (facultatif)";"";"";"";""
"commands.preset.006";"commands/preset.js";"33";"";"Texte de l'embed — && = barre, &> = liste";"";"";"";""
"commands.preset.007";"commands/preset.js";"34";"";"Couleur de l'embed, ex : #5865F2";"";"";"";""
"commands.preset.008";"commands/preset.js";"35";"";"Emoji affiché dans la liste";"";"";"";""
"commands.preset.009";"commands/preset.js";"36";"";"Petite description sous le nom, dans la liste";"";"";"";""
"commands.preset.010";"commands/preset.js";"41";"";"Modifier une réponse type (les champs laissés vides ne changent pas)";"";"";"";""
"commands.preset.011";"commands/preset.js";"42";"";"Numéro de la réponse (voir /preset liste)";"";"";"";""
"commands.preset.012";"commands/preset.js";"44";"";"Nouveau texte — && = barre, &> = liste (« - » pour vider)";"";"";"";""
"commands.preset.013";"commands/preset.js";"45";"";"Nouveau titre d'embed (« - » pour vider)";"";"";"";""
"commands.preset.014";"commands/preset.js";"46";"";"Nouveau texte d'embed — && = barre, &> = liste";"";"";"";""
"commands.preset.015";"commands/preset.js";"48";"";"Nouvel emoji (« - » pour retirer)";"";"";"";""
"commands.preset.016";"commands/preset.js";"49";"";"Nouvelle description (« - » pour retirer)";"";"";"";""
"commands.preset.017";"commands/preset.js";"54";"";"Supprimer une réponse type";"";"";"";""
"commands.preset.018";"commands/preset.js";"55";"";"Numéro de la réponse";"";"";"";""
"commands.preset.019";"commands/preset.js";"57";"";"Voir toutes les réponses types";"";"";"";""
"commands.preset.020";"commands/preset.js";"61";"";"Voir le rendu d'une réponse type sans l'envoyer";"";"";"";""
"commands.preset.021";"commands/preset.js";"65";"";"Republier la liste déroulante des réponses types dans ce salon";"";"";"";""
"commands.preset.022";"commands/preset.js";"72";"";"⛔ Réservé au staff.";"⛔ Staff only.";"";"";""
"commands.preset.023";"commands/preset.js";"85";"";"accepte pas plus d";"";"";"";""
"commands.preset.024";"commands/preset.js";"95";"";"❌ Une réponse type doit contenir au moins un **message**, un **titre** ou une **description**.";"";"";"";""
"commands.preset.025";"commands/preset.js";"134";"";"❌ Impossible : la réponse type se retrouverait vide et n'enverrait rien.";"";"";"";""
"commands.preset.026";"commands/preset.js";"157";"";"📋 Aucune réponse type. Créez-en une avec `/preset ajouter`.";"";"";"";""
"commands.preset.027";"commands/preset.js";"173";"";"Elles apparaissent dans la liste déroulante des tickets.";"";"";"";""
"commands.preset.028";"commands/preset.js";"182";"";"❌ Cette réponse type est vide.";"";"";"";""
"commands.preset.029";"commands/preset.js";"191";"";"📋 Aucune réponse type à proposer. Créez-en une avec `/preset ajouter`.";"";"";"";""
"commands.preset.030";"commands/preset.js";"196";"";"📋 **Réponses types** — choisissez celle à envoyer dans ce salon.";"";"";"";""
"commands.preset.031";"commands/preset.js";"199";"";"✅ Liste déroulante publiée.";"";"";"";""
"commands.report.001";"commands/report.js";"13";"";"Signaler un utilisateur à l'équipe du bot";"Report a user to the bot team";"";"";""
"commands.report.002";"commands/report.js";"14";"";"Utilisateur à signaler";"";"";"";""
"commands.report.003";"commands/report.js";"15";"";"Que s'est-il passé ?";"";"";"";""
"commands.report.004";"commands/report.js";"19";"";"⚠️ Le système de report n'est pas encore configuré par l'équipe du bot.";"";"";"";""
"commands.report.005";"commands/report.js";"25";"";"❌ Vous ne pouvez pas vous signaler vous-même.";"";"";"";""
"commands.report.006";"commands/report.js";"28";"";"❌ Les bots ne peuvent pas être signalés.";"";"";"";""
"commands.report.007";"commands/report.js";"41";"";"❌ Signalement impossible pour le moment (QG injoignable) — réessayez plus tard.";"";"";"";""
"commands.reseaux.001";"commands/reseaux.js";"48";"";"[Staff] Annonces automatiques des réseaux sociaux (lives, nouvelles vidéos…)";"";"";"";""
"commands.reseaux.002";"commands/reseaux.js";"52";"";"Suivre une chaîne / un compte et annoncer ses nouveautés";"";"";"";""
"commands.reseaux.003";"commands/reseaux.js";"55";"";"Chaîne/compte : lien, @pseudo, ou r/subreddit";"";"";"";""
"commands.reseaux.004";"commands/reseaux.js";"58";"";"Salon des annonces";"";"";"";""
"commands.reseaux.005";"commands/reseaux.js";"63";"";"Message personnalisé (variables : {nom} {titre} {lien}) — vide = message par défaut";"";"";"";""
"commands.reseaux.006";"commands/reseaux.js";"71";"";"Ne plus suivre une chaîne / un compte";"";"";"";""
"commands.reseaux.007";"commands/reseaux.js";"72";"";"Flux à retirer";"";"";"";""
"commands.reseaux.008";"commands/reseaux.js";"74";"";"Voir les réseaux suivis sur ce serveur";"";"";"";""
"commands.reseaux.009";"commands/reseaux.js";"92";"";"📡 Réseaux sociaux suivis";"";"";"";""
"commands.reseaux.010";"commands/reseaux.js";"98";"";"*Aucun réseau suivi — `/reseaux ajouter` pour commencer.*";"";"";"";""
"commands.reseaux.011";"commands/reseaux.js";"100";"";"Vérification toutes les 5 minutes • Lives Twitch et nouvelles vidéos/publications";"";"";"";""
"commands.reseaux.012";"commands/reseaux.js";"108";"";"❌ Flux introuvable — choisissez-le dans la liste proposée.";"";"";"";""
"commands.reseaux.013";"commands/reseaux.js";"113";"";"📡 Réseau retiré";"";"";"";""
"commands.reseaux.014";"commands/reseaux.js";"115";"";" n'est plus suivi.";"";"";"";""
"commands.reseaux.015";"commands/reseaux.js";"134";"";"❌ Chaîne YouTube introuvable — collez le **lien de la chaîne** (ou d'une de ses vidéos), son **@pseudo** ou son **ID** (commence par `UC`).";"";"";"";""
"commands.reseaux.016";"commands/reseaux.js";"143";"";"❌ Identifiant invalide.";"";"";"";""
"commands.reseaux.017";"commands/reseaux.js";"147";"";" est déjà suivi sur ce serveur.";"";"";"";""
"commands.reseaux.018";"commands/reseaux.js";"150";"";"❌ Maximum 25 réseaux suivis par serveur.";"";"";"";""
"commands.reseaux.019";"commands/reseaux.js";"161";"";"🔴 Actuellement **en live** — l'annonce arrive dans quelques instants !";"";"";"";""
"commands.reseaux.020";"commands/reseaux.js";"162";"";"⚫ Actuellement hors ligne — l'annonce partira au prochain live.";"";"";"";""
"commands.reseaux.021";"commands/reseaux.js";"163";"";"✅ Flux vérifié — seules les **nouvelles** publications seront annoncées.";"";"";"";""
"commands.reseaux.022";"commands/reseaux.js";"164";"";"⚠️ Flux injoignable pour le moment (la plateforme bloque peut-être les requêtes) — le bot réessaiera toutes les 5 minutes.";"";"";"";""
"commands.reseaux.023";"commands/reseaux.js";"168";"";"📡 Réseau suivi";"";"";"";""
"commands.reseaux.024";"commands/reseaux.js";"171";"";" est maintenant suivi !\n";"";"";"";""
"commands.reseaux.025";"commands/reseaux.js";"172";"OUI — valeur technique, laisser tel quel";" avec votre message personnalisé";" avec votre message personnalisé";" avec votre message personnalisé";" avec votre message personnalisé";" avec votre message personnalisé"
"commands.sao.001";"commands/sao.js";"30";"OUI — valeur technique, laisser tel quel";"👑 Aincrad conquis";"👑 Aincrad conquis";"👑 Aincrad conquis";"👑 Aincrad conquis";"👑 Aincrad conquis"
"commands.sao.002";"commands/sao.js";"48";"";"⭐ Niveau";"";"";"";""
"commands.sao.003";"commands/sao.js";"49";"";"💰 Col";"";"";"";""
"commands.sao.004";"commands/sao.js";"50";"";"🗡️ Arme";"";"";"";""
"commands.sao.005";"commands/sao.js";"51";"";"⚔️ Attaque";"";"";"";""
"commands.sao.006";"commands/sao.js";"52";"";"🏅 Titre";"";"";"";""
"commands.sao.007";"commands/sao.js";"54";"";"Aventure SAO · /sao chasser · /sao boss · /sao afk";"";"";"";""
"commands.sao.008";"commands/sao.js";"66";"";"📜 Dernier tour";"";"";"";""
"commands.sao.009";"commands/sao.js";"116";"";"\n🏅 **Nouveau(x) badge(s) :** ";"";"";"";""
"commands.sao.010";"commands/sao.js";"125";"";"Aventure SAO : gravis les 100 étages d'Aincrad";"";"";"";""
"commands.sao.011";"commands/sao.js";"126";"";"Rejoindre Aincrad et créer ton personnage";"";"";"";""
"commands.sao.012";"commands/sao.js";"130";"";"Voir ta fiche d'aventurier (ou celle d'un membre)";"";"";"";""
"commands.sao.013";"commands/sao.js";"131";"";"Membre (défaut : vous)";"Member (defaults to you)";"";"";""
"commands.sao.014";"commands/sao.js";"133";"";"Chasser un monstre sur ton étage actuel";"";"";"";""
"commands.sao.015";"commands/sao.js";"134";"";"Affronter le boss de ton étage actuel";"";"";"";""
"commands.sao.016";"commands/sao.js";"135";"";"Récupérer les gains accumulés hors-ligne (AFK)";"";"";"";""
"commands.sao.017";"commands/sao.js";"136";"";"Forger / améliorer ton arme avec des Col";"";"";"";""
"commands.sao.018";"commands/sao.js";"137";"";"Te soigner à l'auberge (coûte des Col)";"";"";"";""
"commands.sao.019";"commands/sao.js";"141";"";"Voir les badges d'aventurier";"";"";"";""
"commands.sao.020";"commands/sao.js";"147";"";"Équiper un badge comme titre (vide = retirer)";"";"";"";""
"commands.sao.021";"commands/sao.js";"148";"";"Badge à équiper";"";"";"";""
"commands.sao.022";"commands/sao.js";"150";"";"Classement des aventuriers du serveur";"";"";"";""
"commands.sao.023";"commands/sao.js";"173";"";"🎮 Tu es déjà un aventurier ! Voici ta fiche :";"";"";"";""
"commands.sao.024";"commands/sao.js";"181";"";"⚔️ Bienvenue dans Aincrad";"";"";"";""
"commands.sao.025";"commands/sao.js";"184";"";"• `/sao chasser` — combattre des monstres et gagner de l'XP + des Col\n";"";"";"";""
"commands.sao.026";"commands/sao.js";"185";"";"• `/sao boss` — affronter le boss de ton étage pour monter d'un cran\n";"";"";"";""
"commands.sao.027";"commands/sao.js";"186";"";"• `/sao forge` — forger de meilleures armes\n";"";"";"";""
"commands.sao.028";"commands/sao.js";"187";"";"• `/sao afk` — récolter des gains même hors-ligne\n";"";"";"";""
"commands.sao.029";"commands/sao.js";"188";"";"• `/sao badges` / `/sao titre` — débloquer et équiper des badges perso\n\n";"";"";"";""
"commands.sao.030";"commands/sao.js";"189";"";"🏅 Badge débloqué : 🗡️ **Débutant** — et un petit bonus d'XP serveur pour bien démarrer !";"";"";"";""
"commands.sao.031";"commands/sao.js";"200";"";"🕹️ Tu n'as pas encore de personnage. Fais `/sao start` !";"";"";"";""
"commands.sao.032";"commands/sao.js";"200";"";"a pas encore rejoint l";"";"";"";""
"commands.sao.033";"commands/sao.js";"222";"";"📭 Aucun aventurier sur ce serveur. Sois le premier avec `/sao start` !";"";"";"";""
"commands.sao.034";"commands/sao.js";"226";"OUI — valeur technique, laisser tel quel";"👑 Clear";"👑 Clear";"👑 Clear";"👑 Clear";"👑 Clear"
"commands.sao.035";"commands/sao.js";"229";"";"🏆 Classement — Aventure SAO";"";"";"";""
"commands.sao.036";"commands/sao.js";"236";"";"🕹️ Tu n'as pas encore de personnage. Fais `/sao start` pour commencer !";"";"";"";""
"commands.sao.037";"commands/sao.js";"245";"";"🧹 Titre retiré.";"";"";"";""
"commands.sao.038";"commands/sao.js";"248";"";"❌ Badge inconnu.";"";"";"";""
"commands.sao.039";"commands/sao.js";"251";"";"🔒 Tu n'as pas encore débloqué ce badge.";"";"";"";""
"commands.sao.040";"commands/sao.js";"311";"";"😴 Gains AFK récoltés";"";"";"";""
"commands.sao.041";"commands/sao.js";"314";"";"aventure${levels ? ` (⭐ niveau ${p.level} !)` : ";"";"";"";""
"commands.sao.042";"commands/sao.js";"327";"";"💚 Tu es déjà en pleine forme.";"";"";"";""
"commands.sao.043";"commands/sao.js";"348";"";"👑 Tu as déjà vaincu les 100 étages d'Aincrad. Bravo, tu es libre !";"";"";"";""
"commands.sao.044";"commands/sao.js";"371";"";"⛔ Le module Aventure SAO est désactivé sur ce serveur.";"";"";"";""
"commands.sao.045";"commands/sao.js";"375";"";"⛔ Ce n'est pas ton aventure — lance la tienne avec `/sao`.";"";"";"";""
"commands.sao.046";"commands/sao.js";"383";"";"🕹️ Fais `/sao start` d'abord.";"";"";"";""
"commands.sao.047";"commands/sao.js";"433";"";"⌛ Ce combat n'est plus actif. Relance `/sao boss`.";"";"";"";""
"commands.sao.048";"commands/sao.js";"444";"";"🏃 Fuite";"";"";"";""
"commands.sao.049";"commands/sao.js";"452";"OUI — valeur technique, laisser tel quel";" 💥 CRITIQUE";" 💥 CRITIQUE";" 💥 CRITIQUE";" 💥 CRITIQUE";" 💥 CRITIQUE"
"commands.sao.050";"commands/sao.js";"481";"";"💀 Défaite";"";"";"";""
"commands.sao.051";"commands/sao.js";"482";"";"/sao forge\`) puis retente !";"";"";"";""
"commands.sao.052";"commands/sao.js";"516";"OUI — valeur technique, laisser tel quel";"👑 AINCRAD VAINCU !";"👑 AINCRAD VAINCU !";"👑 AINCRAD VAINCU !";"👑 AINCRAD VAINCU !";"👑 AINCRAD VAINCU !"
"commands.sao.053";"commands/sao.js";"522";"";"\n\n🕊️ Tu as vaincu les 100 boss : te voilà **libéré de Sword Art Online**. Légende vivante !";"";"";"";""
"commands.sao.054";"commands/sao.js";"533";"";"🔨 Forge";"";"";"";""
"commands.sao.055";"commands/sao.js";"535";"";"🗡️ Arme actuelle";"";"";"";""
"commands.sao.056";"commands/sao.js";"538";"";"🏆 Arme ultime";"";"";"";""
"commands.sao.057";"commands/sao.js";"538";"";"Tu possèdes déjà **l'arme la plus puissante** d'Aincrad !";"";"";"";""
"commands.sao.058";"commands/sao.js";"544";"";" — 💸 fonds insuffisants";"";"";"";""
"commands.scamimage.001";"commands/scamimage.js";"21";"";"[Créateur] Anti-scam global : bannit qui poste une image échantillon (tous serveurs)";"";"";"";""
"commands.scamimage.002";"commands/scamimage.js";"25";"";"Ajouter une image échantillon globale (images identiques ou quasi identiques bannies partout)";"";"";"";""
"commands.scamimage.003";"commands/scamimage.js";"26";"";"Image scam échantillon";"";"";"";""
"commands.scamimage.004";"commands/scamimage.js";"27";"";"Nom de l'échantillon (ex : faux nitro)";"";"";"";""
"commands.scamimage.005";"commands/scamimage.js";"29";"";"Voir les échantillons enregistrés";"";"";"";""
"commands.scamimage.006";"commands/scamimage.js";"33";"";"Retirer un échantillon par son numéro";"";"";"";""
"commands.scamimage.007";"commands/scamimage.js";"34";"";"Numéro de l'échantillon (voir liste)";"";"";"";""
"commands.scamimage.008";"commands/scamimage.js";"42";"";"⛔ Réservé au **créateur du bot** : lui seul gère les images anti-scam (elles s'appliquent à tous les serveurs).";"";"";"";""
"commands.scamimage.009";"commands/scamimage.js";"51";"";"❌ Le fichier doit être une image.";"";"";"";""
"commands.scamimage.010";"commands/scamimage.js";"54";"";"❌ Image trop lourde (10 Mo maximum).";"";"";"";""
"commands.scamimage.011";"commands/scamimage.js";"59";"";"❌ Impossible de télécharger l'image.";"";"";"";""
"commands.scamimage.012";"commands/scamimage.js";"67";"";" : ''} enregistré 🌐 **(valable sur TOUS les serveurs du bot)**.\n";"";"";"";""
"commands.scamimage.013";"commands/scamimage.js";"68";"";"🔍 Toute image **identique ou quasi identique** postée sera supprimée, son auteur recevra un **ban global** ";"";"";"";""
"commands.scamimage.014";"commands/scamimage.js";"69";"";"(tous les serveurs + auto-ban à l'arrivée) et ses messages des dernières 24 h seront supprimés.";"";"";"";""
"commands.scamimage.015";"commands/scamimage.js";"70";"";"\n⚠️ Empreinte perceptuelle indisponible pour ce format : seules les copies strictement identiques seront détectées.";"";"";"";""
"commands.scamimage.016";"commands/scamimage.js";"74";"";"🚨 Échantillon scam ajouté";"";"";"";""
"commands.scamimage.017";"commands/scamimage.js";"82";"";"📋 Aucun échantillon scam enregistré (`/scamimage ajouter`).";"";"";"";""
"commands.scamimage.018";"commands/scamimage.js";"92";"";"Valables sur tous les serveurs · image identique ou quasi identique postée → suppression + ban global + purge 24 h";"";"";"";""
"commands.scamimage.019";"commands/scamimage.js";"106";"";"🚨 Échantillon scam retiré";"";"";"";""
"commands.securite.001";"commands/securite.js";"6";"OUI — valeur technique, laisser tel quel";"✅ activé";"✅ activé";"✅ activé";"✅ activé";"✅ activé"
"commands.securite.002";"commands/securite.js";"6";"";"❌ désactivé";"";"";"";""
"commands.securite.003";"commands/securite.js";"12";"";"[Admin] Sécurité : anti-spam, anti-nuke et captcha";"";"";"";""
"commands.securite.004";"commands/securite.js";"17";"";"Anti-spam + filtre de messages malveillants";"";"";"";""
"commands.securite.005";"commands/securite.js";"18";"";"Activer ou désactiver";"";"";"";""
"commands.securite.006";"commands/securite.js";"23";"";"Anti-nuke (actions destructives massives)";"";"";"";""
"commands.securite.007";"commands/securite.js";"29";"";"Captcha de vérification à l'arrivée";"";"";"";""
"commands.securite.008";"commands/securite.js";"31";"";"Rôle donné après vérification";"";"";"";""
"commands.securite.009";"commands/securite.js";"33";"";"Salon du captcha";"";"";"";""
"commands.securite.010";"commands/securite.js";"36";"";"Voir l'état de la sécurité";"";"";"";""
"commands.securite.011";"commands/securite.js";"45";"";"🛡️ Sécurité du serveur";"";"";"";""
"commands.securite.012";"commands/securite.js";"53";"";"\n⚠️ aucun rôle vérifié défini";"";"";"";""
"commands.securite.013";"commands/securite.js";"68";"";"\n⚠️ Définissez un **rôle vérifié** pour que le captcha serve à quelque chose.";"";"";"";""
"commands.securite.014";"commands/securite.js";"78";"";"🛡️ Sécurité modifiée";"";"";"";""
"commands.service.001";"commands/service.js";"34";"";"Système de prise/fin de service RP";"RP duty clock-in / clock-out";"";"";""
"commands.service.002";"commands/service.js";"35";"";"Prendre votre service RP";"Start your RP duty";"";"";""
"commands.service.003";"commands/service.js";"36";"";"Terminer votre service RP";"End your RP duty";"";"";""
"commands.service.004";"commands/service.js";"37";"";"[Staff] Voir qui est actuellement en service";"[Staff] See who is currently on duty";"";"";""
"commands.service.005";"commands/service.js";"46";"";"⛔ Sécurité : cette sous-commande est réservée au **staff**.";"⛔ Security: this subcommand is reserved for **staff**.";"";"";""
"commands.service.006";"commands/service.js";"52";"";"📋 Personne n'est en service actuellement.";"📋 Nobody is on duty right now.";"";"";""
"commands.service.007";"commands/service.js";"68";"";"❌ Vous êtes déjà en service (`/service fin` pour terminer).";"❌ You're already on duty (`/service fin` to end).";"";"";""
"commands.service.008";"commands/service.js";"76";"";"🟢 Prise de service";"🟢 On duty";"";"";""
"commands.service.009";"commands/service.js";"83";"";"✅ Prise de service enregistrée et annoncée.";"✅ Duty start recorded and announced.";"";"";""
"commands.service.010";"commands/service.js";"91";"";"❌ Vous n'êtes pas en service (`/service prise` pour commencer).";"❌ You're not on duty (`/service prise` to start).";"";"";""
"commands.service.011";"commands/service.js";"100";"";"🔴 Fin de service";"🔴 Off duty";"";"";""
"commands.service.012";"commands/service.js";"112";"";"🧑‍💼 Service terminé";"🧑‍💼 Duty ended";"";"";""
"commands.snipe.001";"commands/snipe.js";"31";"";"[Staff] Retrouve les derniers messages supprimés ou modifiés d'un salon";"";"";"";""
"commands.snipe.002";"commands/snipe.js";"35";"";"Derniers messages supprimés";"";"";"";""
"commands.snipe.003";"commands/snipe.js";"36";"";"Salon (défaut : ici)";"";"";"";""
"commands.snipe.004";"commands/snipe.js";"42";"";"Derniers messages modifiés";"";"";"";""
"commands.snipe.005";"commands/snipe.js";"56";"OUI — valeur technique, laisser tel quel";"modifié";"modifié";"modifié";"modifié";"modifié"
"commands.snipe.006";"commands/snipe.js";"56";"";"supprimé";"";"";"";""
"commands.snipe.007";"commands/snipe.js";"60";"OUI — valeur technique, laisser tel quel";"✏️ Messages modifiés";"✏️ Messages modifiés";"✏️ Messages modifiés";"✏️ Messages modifiés";"✏️ Messages modifiés"
"commands.snipe.008";"commands/snipe.js";"60";"";"🗑️ Messages supprimés";"";"";"";""
"commands.staff.001";"commands/staff.js";"16";"OUI — valeur technique, laisser tel quel";"🟢 Arrivée staff";"🟢 Arrivée staff";"🟢 Arrivée staff";"🟢 Arrivée staff";"🟢 Arrivée staff"
"commands.staff.002";"commands/staff.js";"16";"";"🔴 Départ staff";"";"";"";""
"commands.staff.003";"commands/staff.js";"18";"OUI — valeur technique, laisser tel quel";"arrivé(e) en poste";"arrivé(e) en poste";"arrivé(e) en poste";"arrivé(e) en poste";"arrivé(e) en poste"
"commands.staff.004";"commands/staff.js";"36";"OUI — valeur technique, laisser tel quel";"Arrivée";"Arrivée";"Arrivée";"Arrivée";"Arrivée"
"commands.staff.005";"commands/staff.js";"36";"";"Départ";"";"";"";""
"commands.staff.006";"commands/staff.js";"45";"OUI — valeur technique, laisser tel quel";"🟢 Staff : arrivée";"🟢 Staff : arrivée";"🟢 Staff : arrivée";"🟢 Staff : arrivée";"🟢 Staff : arrivée"
"commands.staff.007";"commands/staff.js";"45";"";"🔴 Staff : départ";"";"";"";""
"commands.staff.008";"commands/staff.js";"57";"";"[Staff] Annoncer votre arrivée en poste";"";"";"";""
"commands.staff.009";"commands/staff.js";"67";"";"[Staff] Annoncer votre départ de poste";"";"";"";""
"commands.temps.001";"commands/temps.js";"76";"";"[Gérant] Temps de service des membres de votre faction";"";"";"";""
"commands.temps.002";"commands/temps.js";"80";"";"Votre faction (entreprise ou rôle métier)";"";"";"";""
"commands.temps.003";"commands/temps.js";"149";"";"📋 Cette faction n'a aucun membre pour le moment.";"";"";"";""
"commands.ticket.001";"commands/ticket.js";"44";"";"Format du message du panneau";"";"";"";""
"commands.ticket.002";"commands/ticket.js";"50";"";"Salon du panneau (défaut : ici)";"";"";"";""
"commands.ticket.003";"commands/ticket.js";"57";"";"Comment ouvrir un ticket : menu déroulant de raisons ou boutons";"";"";"";""
"commands.ticket.004";"commands/ticket.js";"59";"";"📋 Menu déroulant (sélecteur de raison)";"";"";"";""
"commands.ticket.005";"commands/ticket.js";"59";"";"🔘 Boutons";"";"";"";""
"commands.ticket.006";"commands/ticket.js";"61";"";"Texte affiché dans le menu déroulant";"";"";"";""
"commands.ticket.007";"commands/ticket.js";"62";"";"Image/GIF de l'embed — uploadée depuis votre PC";"";"";"";""
"commands.ticket.008";"commands/ticket.js";"63";"";"…ou l'URL de l'image de l'embed";"";"";"";""
"commands.ticket.009";"commands/ticket.js";"64";"";"Miniature de l'embed — uploadée depuis votre PC";"";"";"";""
"commands.ticket.010";"commands/ticket.js";"65";"";"…ou l'URL de la miniature";"";"";"";""
"commands.ticket.011";"commands/ticket.js";"66";"";"Couleur de l'embed (hex, ex : #5865F2)";"";"";"";""
"commands.ticket.012";"commands/ticket.js";"74";"";"[Staff] Système de tickets : types, catégories et panneau";"";"";"";""
"commands.ticket.013";"commands/ticket.js";"78";"";"Ajouter un type de ticket (relié à une catégorie Discord)";"";"";"";""
"commands.ticket.014";"commands/ticket.js";"79";"";"Nom du type (ex : Support, Plainte, Recrutement)";"";"";"";""
"commands.ticket.015";"commands/ticket.js";"81";"";"Catégorie où créer les salons de ce type";"";"";"";""
"commands.ticket.016";"commands/ticket.js";"83";"";"Rôle qui voit et gère ces tickets";"";"";"";""
"commands.ticket.017";"commands/ticket.js";"84";"";"2ᵉ rôle support (facultatif)";"";"";"";""
"commands.ticket.018";"commands/ticket.js";"85";"";"3ᵉ rôle support (facultatif)";"";"";"";""
"commands.ticket.019";"commands/ticket.js";"86";"";"Emoji du bouton/du sélecteur (ex : 🛠️)";"";"";"";""
"commands.ticket.020";"commands/ticket.js";"87";"";"Description de la raison (affichée dans le menu déroulant)";"";"";"";""
"commands.ticket.021";"commands/ticket.js";"92";"";"Retirer un type de ticket";"";"";"";""
"commands.ticket.022";"commands/ticket.js";"93";"";"Type à retirer";"";"";"";""
"commands.ticket.023";"commands/ticket.js";"98";"";"Fermer temporairement une raison de ticket (plus ouvrable)";"";"";"";""
"commands.ticket.024";"commands/ticket.js";"99";"";"Raison à bloquer";"";"";"";""
"commands.ticket.025";"commands/ticket.js";"104";"";"Réactiver une raison de ticket bloquée";"";"";"";""
"commands.ticket.026";"commands/ticket.js";"105";"";"Raison à réactiver";"";"";"";""
"commands.ticket.027";"commands/ticket.js";"110";"";"Ajouter un membre au ticket courant (à utiliser dans le salon du ticket)";"";"";"";""
"commands.ticket.028";"commands/ticket.js";"111";"";"Membre à ajouter au ticket";"";"";"";""
"commands.ticket.029";"commands/ticket.js";"116";"";"Ouvrir un ticket au nom d'un membre";"";"";"";""
"commands.ticket.030";"commands/ticket.js";"117";"";"Membre pour qui ouvrir le ticket";"";"";"";""
"commands.ticket.031";"commands/ticket.js";"118";"";"Type / raison du ticket";"";"";"";""
"commands.ticket.032";"commands/ticket.js";"120";"";"Voir les types de tickets configurés";"";"";"";""
"commands.ticket.033";"commands/ticket.js";"122";"";"Publier le panneau de tickets dans un salon";"";"";"";""
"commands.ticket.034";"commands/ticket.js";"126";"";"Modifier le dernier panneau publié (texte, embed, boutons)";"";"";"";""
"commands.ticket.035";"commands/ticket.js";"155";"";"❌ Maximum 25 types de tickets (limite des boutons Discord).";"";"";"";""
"commands.ticket.036";"commands/ticket.js";"175";"";"\n⚠️ L'emoji fourni n'était pas valide (utilisez un vrai emoji ou un emoji du serveur) : type créé **sans emoji**.";"";"";"";""
"commands.ticket.037";"commands/ticket.js";"176";"";"\n💡 Pensez à republier ou modifier le panneau (`/ticket panneau`) pour afficher le nouveau bouton.";"";"";"";""
"commands.ticket.038";"commands/ticket.js";"180";"";"🎫 Type de ticket créé";"";"";"";""
"commands.ticket.039";"commands/ticket.js";"207";"OUI — valeur technique, laisser tel quel";"bloquée";"bloquée";"bloquée";"bloquée";"bloquée"
"commands.ticket.040";"commands/ticket.js";"214";"";"/ticket panneau-modifier\`) pour retirer le bouton. Réactivez-la avec \`/ticket debloquer\`.";"";"";"";""
"commands.ticket.041";"commands/ticket.js";"215";"";"/ticket panneau-modifier\`) pour réafficher le bouton.";"";"";"";""
"commands.ticket.042";"commands/ticket.js";"220";"OUI — valeur technique, laisser tel quel";"🔒 Raison de ticket bloquée";"🔒 Raison de ticket bloquée";"🔒 Raison de ticket bloquée";"🔒 Raison de ticket bloquée";"🔒 Raison de ticket bloquée"
"commands.ticket.043";"commands/ticket.js";"220";"";"🔓 Raison de ticket réactivée";"";"";"";""
"commands.ticket.044";"commands/ticket.js";"221";"";"réactivée";"";"";"";""
"commands.ticket.045";"commands/ticket.js";"245";"";"📋 Aucun type de ticket (`/ticket type-ajouter`).";"";"";"";""
"commands.ticket.046";"commands/ticket.js";"249";"OUI — valeur technique, laisser tel quel";" — 🔒 **bloquée**";" — 🔒 **bloquée**";" — 🔒 **bloquée**";" — 🔒 **bloquée**";" — 🔒 **bloquée**"
"commands.ticket.047";"commands/ticket.js";"262";"";"❌ Créez d'abord au moins un type (`/ticket type-ajouter`).";"";"";"";""
"commands.ticket.048";"commands/ticket.js";"266";"";"❌ Couleur invalide : utilisez un code hex, ex `#5865F2`.";"";"";"";""
"commands.vgache.001";"commands/vgache.js";"33";"";"Cliquez pour réclamer !";"";"";"";""
"commands.vgache.002";"commands/vgache.js";"43";"";"Vgache : gacha de VTubeuses Twitch FR (façon Mudae)";"";"";"";""
"commands.vgache.003";"commands/vgache.js";"44";"";"Tirer un personnage au hasard";"";"";"";""
"commands.vgache.004";"commands/vgache.js";"48";"";"Voir une collection";"";"";"";""
"commands.vgache.005";"commands/vgache.js";"49";"";"Membre (défaut : vous)";"Member (defaults to you)";"";"";""
"commands.vgache.006";"commands/vgache.js";"54";"";"[Créateur] Ajouter un personnage au roster";"";"";"";""
"commands.vgache.007";"commands/vgache.js";"55";"";"Nom du personnage";"";"";"";""
"commands.vgache.008";"commands/vgache.js";"56";"";"URL de l'image";"";"";"";""
"commands.vgache.009";"commands/vgache.js";"61";"";"[Créateur] Retirer un personnage du roster";"";"";"";""
"commands.vgache.010";"commands/vgache.js";"70";"";"⛔ Seul le créateur du bot gère le roster Vgache.";"";"";"";""
"commands.vgache.011";"commands/vgache.js";"75";"";"❌ URL d'image invalide.";"";"";"";""
"commands.vgache.012";"commands/vgache.js";"81";"";"❌ Personnage introuvable.";"";"";"";""
"commands.vgache.013";"commands/vgache.js";"92";"";"*Aucun personnage réclamé.*";"";"";"";""
"commands.vgache.014";"commands/vgache.js";"98";"";"📭 Le roster Vgache est vide. Le créateur peut ajouter des personnages avec `/vgache ajouter`.";"";"";"";""
"commands.vgache.015";"commands/vgache.js";"103";"";"⏳ Patientez quelques secondes avant de re-roll.";"";"";"";""
"commands.vgache.016";"commands/vgache.js";"111";"OUI — valeur technique, laisser tel quel";"Déjà réclamé";"Déjà réclamé";"Déjà réclamé";"Déjà réclamé";"Déjà réclamé"
"commands.vgache.017";"commands/vgache.js";"111";"";"Réclamer";"";"";"";""
"commands.vgache.018";"commands/vgache.js";"126";"";"❌ Déjà réclamé.";"";"";"";""
"commands.vgache.019";"commands/vgache.js";"135";"";"❌ Trop tard, déjà réclamé.";"";"";"";""
"commands.vgache.020";"commands/vgache.js";"141";"";"Réclamé";"";"";"";""
"commands.warnrp.001";"commands/warnrp.js";"37";"";"*Aucun warn RP.*";"";"";"";""
"commands.warnrp.002";"commands/warnrp.js";"55";"";"[Staff] Warn RP : gère les points RP d'un membre (base 7)";"";"";"";""
"commands.warnrp.003";"commands/warnrp.js";"59";"";"Applique un warn RP (retire des points)";"";"";"";""
"commands.warnrp.004";"commands/warnrp.js";"62";"";"Points à retirer (1-7)";"";"";"";""
"commands.warnrp.005";"commands/warnrp.js";"64";"";"Raison du warn";"";"";"";""
"commands.warnrp.006";"commands/warnrp.js";"69";"";"Redonne des points RP à un membre";"";"";"";""
"commands.warnrp.007";"commands/warnrp.js";"70";"";"Membre concerné";"";"";"";""
"commands.warnrp.008";"commands/warnrp.js";"72";"";"Points à redonner (1-7)";"";"";"";""
"commands.warnrp.009";"commands/warnrp.js";"79";"";"Voir les points RP et l'historique d'un membre";"";"";"";""
"commands.warnrp.010";"commands/warnrp.js";"80";"";"Membre à consulter";"";"";"";""
"commands.warnrp.011";"commands/warnrp.js";"105";"OUI — valeur technique, laisser tel quel";"🔻 Warn RP";"🔻 Warn RP";"🔻 Warn RP";"🔻 Warn RP";"🔻 Warn RP"
"commands.warnrp.012";"commands/warnrp.js";"105";"";"🔺 Points RP rendus";"";"";"";""
"commands.whitelist.001";"commands/whitelist.js";"50";"";"Whitelist métier : attribution des rôles par les gérants autorisés";"";"";"";""
"commands.whitelist.002";"commands/whitelist.js";"54";"";"Whitelister une recrue : le bot lui attribue le rôle métier";"";"";"";""
"commands.whitelist.003";"commands/whitelist.js";"55";"";"Recrue à whitelister";"";"";"";""
"commands.whitelist.004";"commands/whitelist.js";"56";"";"Rôle métier à attribuer (ex : @Policier)";"";"";"";""
"commands.whitelist.005";"commands/whitelist.js";"61";"";"Retirer quelqu'un de la whitelist : le bot lui retire le rôle métier";"";"";"";""
"commands.whitelist.006";"commands/whitelist.js";"62";"";"Membre à retirer";"";"";"";""
"commands.whitelist.007";"commands/whitelist.js";"63";"";"Rôle métier à retirer";"";"";"";""
"commands.whitelist.008";"commands/whitelist.js";"68";"";"Voir les membres whitelistés d'un rôle métier";"";"";"";""
"commands.whitelist.009";"commands/whitelist.js";"69";"";"Rôle métier";"";"";"";""
"commands.whitelist.010";"commands/whitelist.js";"72";"";"Voir les rôles métier que vous êtes autorisé à attribuer";"";"";"";""
"commands.whitelist.011";"commands/whitelist.js";"77";"";"[Admin] Configurer les autorisations de whitelist";"";"";"";""
"commands.whitelist.012";"commands/whitelist.js";"81";"";"[Admin] Autoriser un gérant à whitelister un ou plusieurs rôles métier";"";"";"";""
"commands.whitelist.013";"commands/whitelist.js";"82";"";"Rôle gérant autorisé (ex : @Gérant Police)";"";"";"";""
"commands.whitelist.014";"commands/whitelist.js";"83";"";"Rôle métier (ex : @Policier)";"";"";"";""
"commands.whitelist.015";"commands/whitelist.js";"84";"";"2e rôle métier (facultatif)";"";"";"";""
"commands.whitelist.016";"commands/whitelist.js";"85";"";"3e rôle métier (facultatif)";"";"";"";""
"commands.whitelist.017";"commands/whitelist.js";"86";"";"4e rôle métier (facultatif)";"";"";"";""
"commands.whitelist.018";"commands/whitelist.js";"91";"";"[Admin] Retirer une autorisation (ou tout le rôle métier si gérant omis)";"";"";"";""
"commands.whitelist.019";"commands/whitelist.js";"93";"";"Rôle gérant à retirer (omis = tout supprimer)";"";"";"";""
"commands.whitelist.020";"commands/whitelist.js";"105";"";"⛔ Sécurité : la configuration de la whitelist est réservée à l'**administration**.";"";"";"";""
"commands.whitelist.021";"commands/whitelist.js";"111";"";"❌ @everyone ne peut pas être un rôle métier.";"";"";"";""
"commands.whitelist.022";"commands/whitelist.js";"117";"";"❌ @everyone ne peut pas être un rôle gérant.";"";"";"";""
"commands.whitelist.023";"commands/whitelist.js";"126";"";"❌ Indiquez au moins un rôle métier valide.";"";"";"";""
"commands.whitelist.024";"commands/whitelist.js";"136";"";"📋 Whitelist configurée";"";"";"";""
"commands.whitelist.025";"commands/whitelist.js";"166";"";"autorisation de <@&${gerant.id}> pour` : ";"";"";"";""
"commands.whitelist.026";"commands/whitelist.js";"178";"";"📋 Aucun rôle métier n'est configuré (`/whitelist config ajouter`).";"";"";"";""
"commands.whitelist.027";"commands/whitelist.js";"178";"";"/whitelist config ajouter";"";"";"";""
"commands.whitelist.028";"commands/whitelist.js";"199";"";"📋 Vous n'êtes autorisé à whitelister **aucun** rôle métier.";"";"";"";""
"commands.whitelist.029";"commands/whitelist.js";"205";"OUI — valeur technique, laisser tel quel";"📋 Whitelist : configuration complète";"📋 Whitelist : configuration complète";"📋 Whitelist : configuration complète";"📋 Whitelist : configuration complète";"📋 Whitelist : configuration complète"
"commands.whitelist.030";"commands/whitelist.js";"205";"";"📋 Rôles que vous pouvez whitelister";"";"";"";""
"commands.whitelist.031";"commands/whitelist.js";"213";"";"❌ Rôle invalide.";"";"";"";""
"commands.whitelist.032";"commands/whitelist.js";"217";"";"/whitelist config ajouter\`).";"";"";"";""
"commands.whitelist.033";"commands/whitelist.js";"226";"";"🛑 Whitelist : accès refusé";"";"";"";""
"commands.whitelist.034";"commands/whitelist.js";"245";"";"📋 Whitelist";"";"";"";""
"commands.whitelist.035";"commands/whitelist.js";"246";"";"Personne pour le moment";"";"";"";""
"commands.whitelist.036";"commands/whitelist.js";"250";"";"whitelisté";"";"";"";""
"commands.whitelist.037";"commands/whitelist.js";"260";"";"❌ Ce membre n'est pas sur le serveur.";"";"";"";""
"commands.whitelist.038";"commands/whitelist.js";"268";"";"attribuer ${role} : vérifiez que le rôle du bot est **au-dessus** de ce rôle et qu";"";"";"";""
"database.001";"database.js";"473";"";"en veut pas n";"";"";"";""
"database.002";"database.js";"565";"";"aide / tickets cité dans l";"";"";"";""
"database.003";"database.js";"587";"";"wanted INTEGER NOT NULL DEFAULT 0";"";"";"";""
"database.004";"database.js";"588";"";"impounded INTEGER NOT NULL DEFAULT 0";"";"";"";""
"database.005";"database.js";"644";"";"xp INTEGER NOT NULL DEFAULT 0";"";"";"";""
"database.006";"database.js";"644";"";"level INTEGER NOT NULL DEFAULT 0";"";"";"";""
"database.007";"database.js";"682";"";"enabled INTEGER NOT NULL DEFAULT 1";"";"";"";""
"database.008";"database.js";"719";"";"🌐 Identité RP migrée en portée globale (cartes, permis, entreprises, assurances partagés partout).";"";"";"";""
"deploy-commands.001";"deploy-commands.js";"12";"";"DISCORD_TOKEN et CLIENT_ID sont requis dans le fichier .env";"";"";"";""
"deploy-commands.002";"deploy-commands.js";"23";"OUI — valeur technique, laisser tel quel";"activé";"activé";"activé";"activé";"activé"
"deploy-commands.003";"deploy-commands.js";"23";"";"désactivé";"";"";"";""
"deploy-commands.004";"deploy-commands.js";"26";"";"ℹ️ Les jeux de commandes par serveur se synchronisent automatiquement au démarrage du bot.";"";"";"";""
"events.guildAuditLogEntryCreate.001";"events/guildAuditLogEntryCreate.js";"47";"";"Anti-nuke : actions destructives massives";"";"";"";""
"events.guildAuditLogEntryCreate.002";"events/guildAuditLogEntryCreate.js";"53";"";"🚨 Anti-nuke déclenché";"";"";"";""
"events.guildAuditLogEntryCreate.003";"events/guildAuditLogEntryCreate.js";"55";"";"rôles retirés et mute 24 h. Vérifiez et sanctionnez si besoin.";"";"";"";""
"events.guildCreate.001";"events/guildCreate.js";"54";"";"Salon des logs de sécurité du bot (créé automatiquement à l'arrivée)";"";"";"";""
"events.guildCreate.002";"events/guildCreate.js";"60";"";"Les actions du staff, les messages supprimés/modifiés, le vocal et les transcripts de tickets ";"";"";"";""
"events.guildCreate.003";"events/guildCreate.js";"61";"";"y seront journalisés. Vous pouvez le changer à tout moment via `/config` ou le dashboard.";"";"";"";""
"events.guildMemberAdd.001";"events/guildMemberAdd.js";"26";"";"Aucune raison précisée";"";"";"";""
"events.guildMemberAdd.002";"events/guildMemberAdd.js";"34";"";"🚫 Blacklist appliquée";"";"";"";""
"events.guildMemberAdd.003";"events/guildMemberAdd.js";"35";"";"équipe du bot — banni à son arrivée.\n**Raison :** ${bl.reason || ";"";"";"";""
"events.guildMemberAdd.004";"events/guildMemberAdd.js";"49";"";"🔨 Ban global appliqué";"";"";"";""
"events.guildMemberAdd.005";"events/guildMemberAdd.js";"68";"";"Rôle automatique à l'arrivée";"";"";"";""
"events.guildMemberAdd.006";"events/guildMemberAdd.js";"89";"";"le règlement";"";"";"";""
"events.guildMemberAdd.007";"events/guildMemberAdd.js";"90";"";"le salon d'aide";"";"";"";""
"events.guildMemberAdd.008";"events/guildMemberAdd.js";"107";"";"avec des échanges, des annonces et une bonne ambiance entre les membres.";"";"";"";""
"events.guildMemberAdd.009";"events/guildMemberAdd.js";"111";"";"et d'adopter un comportement respectueux.";"";"";"";""
"events.guildMemberAdd.010";"events/guildMemberAdd.js";"127";"";"📥 Arrivée d'un membre";"";"";"";""
"events.guildMemberAdd.011";"events/guildMemberAdd.js";"143";"";"💬 Nom Discord";"";"";"";""
"events.guildMemberAdd.012";"events/guildMemberAdd.js";"144";"";"🔢 ID Discord";"🔢 Discord ID";"";"";""
"events.guildMemberAdd.013";"events/guildMemberAdd.js";"145";"";"👥 Membre n°";"";"";"";""
"events.guildMemberAdd.014";"events/guildMemberAdd.js";"147";"";"📅 Compte créé le";"";"";"";""
"events.guildMemberRemove.001";"events/guildMemberRemove.js";"35";"";"📤 Départ d'un membre";"";"";"";""
"events.guildMemberRemove.002";"events/guildMemberRemove.js";"39";"";"💬 Nom Discord";"";"";"";""
"events.guildMemberRemove.003";"events/guildMemberRemove.js";"40";"";"🔢 ID Discord";"🔢 Discord ID";"";"";""
"events.guildMemberRemove.004";"events/guildMemberRemove.js";"41";"";"👥 Membres restants";"";"";"";""
"events.guildMemberRemove.005";"events/guildMemberRemove.js";"43";"";"📅 Avait rejoint le serveur";"";"";"";""
"events.guildRoleCreate.001";"events/guildRoleCreate.js";"11";"";"➕ Rôle créé";"";"";"";""
"events.guildRoleDelete.001";"events/guildRoleDelete.js";"11";"";"🗑️ Rôle supprimé";"";"";"";""
"events.guildRoleUpdate.001";"events/guildRoleUpdate.js";"25";"";"✏️ Rôle modifié";"";"";"";""
"events.interactionCreate.001";"events/interactionCreate.js";"36";"";"composant non routé";"";"";"";""
"events.interactionCreate.002";"events/interactionCreate.js";"60";"";"⛔ Ce bouton ne fonctionne que sur un serveur, pas en message privé.";"⛔ This button only works on a server, not in direct messages.";"";"";""
"events.interactionCreate.003";"events/interactionCreate.js";"96";"";"⏳ Ce bouton vient d'une version précédente du bot et n'est plus relié à rien.\n";"";"";"";""
"events.interactionCreate.004";"events/interactionCreate.js";"97";"";"➜ Relancez la commande, ou demandez au staff de republier le panneau.";"";"";"";""
"events.interactionCreate.005";"events/interactionCreate.js";"103";"";"❌ Cette action a échoué. Réessayez ; si cela recommence, prévenez le staff.";"❌ That action failed. Try again; if it keeps happening, tell the staff.";"";"";""
"events.interactionCreate.006";"events/interactionCreate.js";"163";"";"Erreur ticket QG :";"";"";"";""
"events.interactionCreate.007";"events/interactionCreate.js";"165";"";"❌ Une erreur est survenue sur ce ticket.";"";"";"";""
"events.interactionCreate.008";"events/interactionCreate.js";"294";"";"⛔ Sécurité : seul le **staff** peut définir les assurances.";"";"";"";""
"events.interactionCreate.009";"events/interactionCreate.js";"304";"";"❌ Entreprise introuvable.";"";"";"";""
"events.interactionCreate.010";"events/interactionCreate.js";"319";"";"🏢 Assurances définies";"";"";"";""
"events.interactionCreate.011";"events/interactionCreate.js";"337";"";"⛔ Cette commande s'utilise sur un serveur.";"";"";"";""
"events.interactionCreate.012";"events/interactionCreate.js";"382";"";"⛔ Le **Module RP** n'est pas activé sur ce serveur. Un staff peut l'activer via `/config` → 🎭 Modules.";"";"";"";""
"events.interactionCreate.013";"events/interactionCreate.js";"392";"";"est pas activé sur ce serveur. Un staff peut l";"";"";"";""
"events.interactionCreate.014";"events/interactionCreate.js";"392";"";"/config\` → 🎭 Modules.";"";"";"";""
"events.interactionCreate.015";"events/interactionCreate.js";"402";"";"🛑 Accès refusé";"";"";"";""
"events.interactionCreate.016";"events/interactionCreate.js";"418";"";"❌ Une erreur est survenue pendant l'exécution de la commande.";"";"";"";""
"events.messageCreate.001";"events/messageCreate.js";"17";"";"Erreur scan anti-scam :";"";"";"";""
"events.messageDelete.001";"events/messageDelete.js";"74";"";"*Contenu indisponible (message non mis en cache)*";"";"";"";""
"events.messageDelete.002";"events/messageDelete.js";"78";"";"📄 Contenu";"📄 Content";"";"";""
"events.messageDelete.003";"events/messageDelete.js";"79";"";"📎 Pièce(s) jointe(s)";"";"";"";""
"events.messageDelete.004";"events/messageDelete.js";"82";"";"🗑️ Message supprimé";"🗑️ Message deleted";"";"";""
"events.messageDelete.005";"events/messageDelete.js";"130";"";"👤 Auteur inconnu — je n'ai pas accès au journal d'audit.";"";"";"";""
"events.messageDelete.006";"events/messageDelete.js";"131";"";"⚠️ Il n'a **pas** pu être republié : republiez-le à la main.";"";"";"";""
"events.messageDelete.007";"events/messageDelete.js";"134";"";"-# Donnez-moi la permission « Voir le journal d'audit » pour savoir qui efface mes messages.";"";"";"";""
"events.messageDelete.008";"events/messageDelete.js";"139";"";"🛡️ Message du bot supprimé";"🛡️ Bot message deleted";"";"";""
"events.messageDelete.009";"events/messageDelete.js";"140";"";"Ce qui s'est passé";"";"";"";""
"events.messageUpdate.001";"events/messageUpdate.js";"36";"";"*Contenu indisponible (message non mis en cache)*";"";"";"";""
"events.messageUpdate.002";"events/messageUpdate.js";"47";"";"✏️ Message modifié";"";"";"";""
"events.messageUpdate.003";"events/messageUpdate.js";"51";"";"📝 Avant";"";"";"";""
"events.messageUpdate.004";"events/messageUpdate.js";"52";"";"✅ Après";"";"";"";""
"events.ready.001";"events/ready.js";"10";"";"le serveur RP 🎭";"";"";"";""
"events.voiceStateUpdate.001";"events/voiceStateUpdate.js";"37";"";"🎙️ Connexion vocale";"";"";"";""
"events.voiceStateUpdate.002";"events/voiceStateUpdate.js";"42";"";"🎙️ Déconnexion vocale";"";"";"";""
"events.voiceStateUpdate.003";"events/voiceStateUpdate.js";"48";"";"🎙️ Changement de salon vocal";"";"";"";""
"index.001";"index.js";"66";"";"\nAppuyez sur Entrée pour fermer cette fenêtre…";"";"";"";""
"index.002";"index.js";"144";"";"⏳ Une autre instance se ferme peut-être, patientez…";"";"";"";""
"index.003";"index.js";"189";"";"❌ Le bot est déjà lancé (une autre fenêtre/instance est en cours d'exécution).\n";"";"";"";""
"index.004";"index.js";"190";"";"Fermez l'autre fenêtre du bot puis relancez, ou utilisez la commande /update sur Discord pour le redémarrer.";"";"";"";""
"index.005";"index.js";"206";"";"❌ DISCORD_TOKEN manquant.\n\n";"";"";"";""
"index.006";"index.js";"208";"";"2. Collez le token de votre bot (Portail développeur Discord > Bot > Reset Token)\n";"";"";"";""
"index.007";"index.js";"209";"";"   ainsi que le CLIENT_ID (General Information > Application ID).\n";"";"";"";""
"index.008";"index.js";"210";"";"3. Relancez le bot.";"";"";"";""
"index.009";"index.js";"340";"";"et que les intents ""Server Members"" et ""Message Content"" sont activés\n";"";"";"";""
"index.010";"index.js";"341";"";"(Portail développeur Discord > Bot > Privileged Gateway Intents).";"";"";"";""
"managedApi.001";"managedApi.js";"198";"";"Chemin hors du dossier d'archives.";"";"";"";""
"managedApi.002";"managedApi.js";"200";"";"Fichier effacé (rétention ou budget disque).";"";"";"";""
"managedApi.003";"managedApi.js";"239";"";"Serveur introuvable (le bot y est-il ?).";"";"";"";""
"managedApi.004";"managedApi.js";"240";"";"Identifiant de membre invalide.";"";"";"";""
"managedApi.005";"managedApi.js";"245";"";"Ce membre n'est pas sur ce serveur.";"";"";"";""
"managedApi.006";"managedApi.js";"286";"OUI — valeur technique, laisser tel quel";"Rôle staff";"Rôle staff";"Rôle staff";"Rôle staff";"Rôle staff"
"managedApi.007";"managedApi.js";"287";"OUI — valeur technique, laisser tel quel";"Rôle administration";"Rôle administration";"Rôle administration";"Rôle administration";"Rôle administration"
"managedApi.008";"managedApi.js";"288";"OUI — valeur technique, laisser tel quel";"Rôle en service";"Rôle en service";"Rôle en service";"Rôle en service";"Rôle en service"
"managedApi.009";"managedApi.js";"293";"OUI — valeur technique, laisser tel quel";"Salon membres (arrivées/départs)";"Salon membres (arrivées/départs)";"Salon membres (arrivées/départs)";"Salon membres (arrivées/départs)";"Salon membres (arrivées/départs)"
"managedApi.010";"managedApi.js";"294";"OUI — valeur technique, laisser tel quel";"Salon mises à jour";"Salon mises à jour";"Salon mises à jour";"Salon mises à jour";"Salon mises à jour"
"managedApi.011";"managedApi.js";"353";"";"Nom du profil requis.";"";"";"";""
"managedApi.012";"managedApi.js";"355";"";"URL d'avatar invalide.";"";"";"";""
"managedApi.013";"managedApi.js";"373";"";"Ajoutez d'abord au moins une raison de ticket.";"";"";"";""
"managedApi.014";"managedApi.js";"383";"";"Le bot a besoin de la permission « Gérer les webhooks » dans ce salon pour envoyer sous un profil.";"";"";"";""
"managedApi.015";"managedApi.js";"404";"";"Nom du type requis.";"";"";"";""
"managedApi.016";"managedApi.js";"405";"";"Ce type existe déjà.";"";"";"";""
"managedApi.017";"managedApi.js";"406";"";"Maximum 25 types (limite des boutons Discord).";"";"";"";""
"managedApi.018";"managedApi.js";"408";"";"Catégorie invalide.";"";"";"";""
"managedApi.019";"managedApi.js";"419";"";"Republiez le panneau (/ticket panneau) pour afficher la nouvelle raison.";"";"";"";""
"managedApi.020";"managedApi.js";"434";"";"Rôle invalide.";"";"";"";""
"managedApi.021";"managedApi.js";"457";"OUI — valeur technique, laisser tel quel";"Créateur";"Créateur";"Créateur";"Créateur";"Créateur"
"managedApi.022";"managedApi.js";"522";"";"Permission 🚫 Blacklist requise.";"";"";"";""
"managedApi.023";"managedApi.js";"526";"";"ID Discord invalide.";"";"";"";""
"managedApi.024";"managedApi.js";"527";"";"Le créateur du bot ne peut pas être blacklisté.";"";"";"";""
"managedApi.025";"managedApi.js";"529";"";"Utilisateur immunisé (créateur ou liste d'immunité) — blacklist refusée.";"";"";"";""
"managedApi.026";"managedApi.js";"533";"";"Non blacklisté.";"";"";"";""
"managedApi.027";"managedApi.js";"559";"";"Empreinte SHA-256 invalide.";"";"";"";""
"managedApi.028";"managedApi.js";"599";"";"Permission 🎫 Tickets du QG requise.";"";"";"";""
"managedApi.029";"managedApi.js";"603";"";"Déjà claim.";"";"";"";""
"managedApi.030";"managedApi.js";"609";"";"Le bot n'est plus sur ce serveur.";"";"";"";""
"managedApi.031";"managedApi.js";"611";"";"Le bot ne peut pas créer d'invitation ici.";"";"";"";""
"managedApi.032";"managedApi.js";"613";"";"Création de l'invitation impossible.";"";"";"";""
"managedApi.033";"managedApi.js";"617";"";"Ticket déjà traité.";"";"";"";""
"managedApi.034";"managedApi.js";"621";"";"Preuves obligatoires pour appliquer une blacklist.";"";"";"";""
"managedApi.035";"managedApi.js";"623";"";"Utilisateur immunisé — blacklist refusée.";"";"";"";""
"managedApi.036";"managedApi.js";"646";"";"Réservé au créateur du bot.";"";"";"";""
"managedApi.037";"managedApi.js";"713";"";"Modérateur";"";"";"";""
"managedApi.038";"managedApi.js";"735";"";"ID Discord invalide (clic droit sur le membre → Copier l'identifiant).";"";"";"";""
"managedApi.039";"managedApi.js";"749";"";"Ce membre n'est pas dans le staff du bot.";"";"";"";""
"managedApi.040";"managedApi.js";"763";"";"Nom de grade requis.";"";"";"";""
"managedApi.041";"managedApi.js";"780";"";"Serveur introuvable (le bot y est-il encore ?).";"";"";"";""
"managedApi.042";"managedApi.js";"790";"";"ID utilisateur requis.";"";"";"";""
"managedApi.043";"managedApi.js";"794";"";"Retrait du ban global via le dashboard";"";"";"";""
"managedApi.044";"managedApi.js";"817";"";"Valeur numérique attendue.";"";"";"";""
"managedApi.045";"managedApi.js";"844";"OUI — valeur technique, laisser tel quel";"activé";"activé";"activé";"activé";"activé"
"managedApi.046";"managedApi.js";"844";"";"désactivé";"";"";"";""
"managedApi.047";"managedApi.js";"877";"";"Message vide : remplissez au moins un champ.";"";"";"";""
"managedApi.048";"managedApi.js";"891";"";"Aucun rôle automatique configuré.";"";"";"";""
"managedApi.049";"managedApi.js";"904";"";"Rattrapage des rôles automatiques";"";"";"";""
"managedApi.050";"managedApi.js";"930";"";"Choisissez un salon textuel du serveur.";"";"";"";""
"managedApi.051";"managedApi.js";"935";"";"a pas le droit d";"";"";"";""
"managedApi.052";"managedApi.js";"1003";"";"ou un rôle à attribuer. Un bouton sans action affiche « Échec de l'interaction » à chaque clic.";"";"";"";""
"managedApi.053";"managedApi.js";"1019";"";"qu'elle doit donner. Une option sans action affiche « Échec de l'interaction ».";"";"";"";""
"managedApi.054";"managedApi.js";"1024";"";"Faites un choix…";"";"";"";""
"managedApi.055";"managedApi.js";"1038";"";"Message vide : écrivez un texte ou remplissez un embed.";"";"";"";""
"managedApi.056";"managedApi.js";"1040";"";"Rendu valide — rien n'a été publié.";"";"";"";""
"managedApi.057";"managedApi.js";"1047";"";"Le bot a besoin de « Gérer les webhooks » dans ce salon pour envoyer sous un profil.";"";"";"";""
"utils.aiResponder.001";"utils/aiResponder.js";"17";"";"neutre et factuel";"";"";"";""
"utils.aiResponder.002";"utils/aiResponder.js";"18";"";"diplomate et apaisant";"";"";"";""
"utils.aiResponder.003";"utils/aiResponder.js";"19";"";"léger et humoristique";"";"";"";""
"utils.aiResponder.004";"utils/aiResponder.js";"20";"";"sarcastique mais correct (sans insulte)";"";"";"";""
"utils.aiResponder.005";"utils/aiResponder.js";"21";"";"ferme et assertif";"";"";"";""
"utils.aiResponder.006";"utils/aiResponder.js";"22";"";"direct et franc, sans détour";"";"";"";""
"utils.aiResponder.007";"utils/aiResponder.js";"26";"";"🕊️ Diplomatie";"";"";"";""
"utils.aiResponder.008";"utils/aiResponder.js";"27";"";"😄 Humour";"";"";"";""
"utils.aiResponder.009";"utils/aiResponder.js";"28";"";"😏 Sarcasme";"";"";"";""
"utils.aiResponder.010";"utils/aiResponder.js";"29";"";"💪 Ferme";"";"";"";""
"utils.aiResponder.011";"utils/aiResponder.js";"30";"";"🎯 Cash";"";"";"";""
"utils.aiResponder.012";"utils/aiResponder.js";"38";"";"Règles absolues : jamais de harcèlement, insultes, menaces, propos haineux, sexuels ou d'attaques personnelles, ";"";"";"";""
"utils.aiResponder.013";"utils/aiResponder.js";"39";"";"même si le message reçu est insultant. Reste bref (1 à 3 phrases), en français, et fidèle au ton demandé mais toujours correct.";"";"";"";""
"utils.aiResponder.014";"utils/aiResponder.js";"101";"";"🎭 Changer de ton (les tons déjà employés sont retirés)";"";"";"";""
"utils.aiResponder.015";"utils/aiResponder.js";"108";"";"Régénérer (même ton)";"";"";"";""
"utils.aiResponder.016";"utils/aiResponder.js";"119";"";"🤖 Proposition de réponse";"";"";"";""
"utils.aiResponder.017";"utils/aiResponder.js";"121";"";"💬 Message reçu";"";"";"";""
"utils.aiResponder.018";"utils/aiResponder.js";"123";"";"📍 Contexte";"";"";"";""
"utils.aiResponder.019";"utils/aiResponder.js";"125";"";"Choisissez le ton, régénérez, puis Envoyer pour publier.";"";"";"";""
"utils.aiResponder.020";"utils/aiResponder.js";"142";"";"(mention sans texte)";"";"";"";""
"utils.aiResponder.021";"utils/aiResponder.js";"169";"";"⏳ Cette proposition a expiré.";"";"";"";""
"utils.aiResponder.022";"utils/aiResponder.js";"174";"";"❌ Annulé.";"";"";"";""
"utils.aiResponder.023";"utils/aiResponder.js";"185";"";"✅ Réponse envoyée.";"";"";"";""
"utils.autoRoles.001";"utils/autoRoles.js";"30";"";"rôle introuvable (supprimé ?)";"";"";"";""
"utils.autoRoles.002";"utils/autoRoles.js";"43";"";"Rôle automatique";"";"";"";""
"utils.autoRoles.003";"utils/autoRoles.js";"52";"";"permission « Gérer les rôles » manquante";"";"";"";""
"utils.balises.001";"utils/balises.js";"38";"";"une barre de séparation";"";"";"";""
"utils.balises.002";"utils/balises.js";"39";"";"une barre puis un titre de section ◆";"";"";"";""
"utils.balises.003";"utils/balises.js";"40";"";"une barre avec plus d'air autour";"";"";"";""
"utils.balises.004";"utils/balises.js";"41";"";"une entrée de liste ➜";"";"";"";""
"utils.balises.005";"utils/balises.js";"42";"";"un retour à la ligne";"";"";"";""
"utils.balises.006";"utils/balises.js";"122";"";"Bienvenue sur le serveur !";"";"";"";""
"utils.balises.007";"utils/balises.js";"124";"";"&> Lis le règlement";"";"";"";""
"utils.balises.008";"utils/balises.js";"125";"";"&> Choisis tes rôles";"";"";"";""
"utils.balises.009";"utils/balises.js";"127";"";"Bon jeu à toi.";"";"";"";""
"utils.botTeam.001";"utils/botTeam.js";"13";"";"🚫 Blacklist";"";"";"";""
"utils.botTeam.002";"utils/botTeam.js";"14";"";"🎫 Tickets du QG";"";"";"";""
"utils.botTeam.003";"utils/botTeam.js";"15";"";"🛡️ Gestion du staff";"";"";"";""
"utils.botTeam.004";"utils/botTeam.js";"22";"";"ON CONFLICT(user_id) DO UPDATE SET rank = excluded.rank";"";"";"";""
"utils.botTeam.005";"utils/botTeam.js";"138";"";"🚫 Vous avez été blacklisté";"";"";"";""
"utils.botTeam.006";"utils/botTeam.js";"140";"";"Vous avez été **blacklisté** par le staff du bot : vous ne pouvez plus rejoindre ";"";"";"";""
"utils.botTeam.007";"utils/botTeam.js";"141";"";"les serveurs où le système est actif tant que la blacklist n'est pas levée.";"";"";"";""
"utils.botTeam.008";"utils/botTeam.js";"143";"";"📄 Raison";"";"";"";""
"utils.botTeam.009";"utils/botTeam.js";"143";"";"*Aucune raison précisée*";"";"";"";""
"utils.botTeam.010";"utils/botTeam.js";"147";"";"🔓 Serveur de déban (contestation)";"";"";"";""
"utils.botTeam.011";"utils/botTeam.js";"173";"";"Retrait de la blacklist du bot";"";"";"";""
"utils.botTickets.001";"utils/botTickets.js";"47";"OUI — valeur technique, laisser tel quel";"🚫 **Traité — utilisateur blacklisté**";"🚫 **Traité — utilisateur blacklisté**";"🚫 **Traité — utilisateur blacklisté**";"🚫 **Traité — utilisateur blacklisté**";"🚫 **Traité — utilisateur blacklisté**"
"utils.botTickets.002";"utils/botTickets.js";"48";"OUI — valeur technique, laisser tel quel";"✅ **Traité — aucune sanction**";"✅ **Traité — aucune sanction**";"✅ **Traité — aucune sanction**";"✅ **Traité — aucune sanction**";"✅ **Traité — aucune sanction**"
"utils.botTickets.003";"utils/botTickets.js";"51";"";"📥 **Ouvert — en attente d'un staff**";"";"";"";""
"utils.botTickets.004";"utils/botTickets.js";"58";"";"🌐 Serveur d'origine";"";"";"";""
"utils.botTickets.005";"utils/botTickets.js";"59";"";"👤 Utilisateur concerné";"";"";"";""
"utils.botTickets.006";"utils/botTickets.js";"61";"OUI — valeur technique, laisser tel quel";"🗣️ Signalé par";"🗣️ Signalé par";"🗣️ Signalé par";"🗣️ Signalé par";"🗣️ Signalé par"
"utils.botTickets.007";"utils/botTickets.js";"61";"";"🔎 Détecté";"";"";"";""
"utils.botTickets.008";"utils/botTickets.js";"62";"";"Bannissement du serveur";"";"";"";""
"utils.botTickets.009";"utils/botTickets.js";"65";"";"📄 Raison";"";"";"";""
"utils.botTickets.010";"utils/botTickets.js";"65";"";"*Aucune raison précisée*";"";"";"";""
"utils.botTickets.011";"utils/botTickets.js";"66";"";"📌 Statut";"";"";"";""
"utils.botTickets.012";"utils/botTickets.js";"76";"";"🙋 Claim";"";"";"";""
"utils.botTickets.013";"utils/botTickets.js";"77";"";"🔗 Invitation du serveur";"";"";"";""
"utils.botTickets.014";"utils/botTickets.js";"79";"";"⚖️ Traiter";"";"";"";""
"utils.botTickets.015";"utils/botTickets.js";"125";"";"❌ Ticket introuvable.";"❌ Ticket not found.";"";"";""
"utils.botTickets.016";"utils/botTickets.js";"128";"";"⛔ Sécurité : réservé au **staff du bot** disposant de la permission 🎫 Tickets.";"";"";"";""
"utils.botTickets.017";"utils/botTickets.js";"130";"";"✅ Ce ticket est déjà traité.";"";"";"";""
"utils.botTickets.018";"utils/botTickets.js";"143";"";"⚠️ Claim d'abord le ticket.";"";"";"";""
"utils.botTickets.019";"utils/botTickets.js";"150";"";"❌ Le bot n'est plus sur ce serveur.";"";"";"";""
"utils.botTickets.020";"utils/botTickets.js";"154";"";"❌ Le bot n'a pas la permission de créer une invitation sur ce serveur.";"";"";"";""
"utils.botTickets.021";"utils/botTickets.js";"158";"";"❌ Création de l'invitation impossible.";"";"";"";""
"utils.botTickets.022";"utils/botTickets.js";"176";"";"✅ Aucune sanction";"";"";"";""
"utils.botTickets.023";"utils/botTickets.js";"177";"";"🚫 Blacklist";"";"";"";""
"utils.botTickets.024";"utils/botTickets.js";"188";"";"⛔ Il vous manque la permission 🚫 Blacklist pour cette décision.";"";"";"";""
"utils.botTickets.025";"utils/botTickets.js";"204";"OUI — valeur technique, laisser tel quel";"envoyé ✅";"envoyé ✅";"envoyé ✅";"envoyé ✅";"envoyé ✅"
"utils.botTickets.026";"utils/botTickets.js";"204";"";"impossible (MP fermés) ⚠️";"";"";"";""
"utils.captcha.001";"utils/captcha.js";"72";"";"🤖 Vérification";"";"";"";""
"utils.captcha.002";"utils/captcha.js";"75";"";"et accéder au serveur.";"";"";"";""
"utils.captcha.003";"utils/captcha.js";"78";"";"⚠️ Attention";"";"";"";""
"utils.captcha.004";"utils/captcha.js";"88";"";"Je ne suis pas un robot";"";"";"";""
"utils.captcha.005";"utils/captcha.js";"99";"";"Captcha validé";"";"";"";""
"utils.captcha.006";"utils/captcha.js";"116";"";"Rôle automatique après captcha";"";"";"";""
"utils.captcha.007";"utils/captcha.js";"119";"OUI — valeur technique, laisser tel quel";"✅ accès débloqué";"✅ accès débloqué";"✅ accès débloqué";"✅ accès débloqué";"✅ accès débloqué"
"utils.captcha.008";"utils/captcha.js";"120";"";"🧹 rôle d'attente retiré";"";"";"";""
"utils.captcha.009";"utils/captcha.js";"162";"";"(rôle du bot trop bas, ou permission « Expulser des membres » manquante).";"";"";"";""
"utils.captcha.010";"utils/captcha.js";"178";"";"⛔ Cette vérification ne vous est pas destinée — attendez la vôtre à votre arrivée.";"";"";"";""
"utils.captcha.011";"utils/captcha.js";"185";"";"Vérification";"";"";"";""
"utils.captcha.012";"utils/captcha.js";"213";"";"✅ Code correct, mais vous n'êtes plus sur le serveur.";"";"";"";""
"utils.carteVisuelle.001";"utils/carteVisuelle.js";"28";"";"CARTE D'IDENTITE RP";"";"";"";""
"utils.carteVisuelle.002";"utils/carteVisuelle.js";"37";"";"PERMIS DE CONDUIRE RP";"";"";"";""
"utils.carteVisuelle.003";"utils/carteVisuelle.js";"86";"";"DOCUMENT RP - SANS VALEUR LEGALE";"";"";"";""
"utils.carteVisuelle.004";"utils/carteVisuelle.js";"163";"";"⚠️ Document RP : jimp indisponible, image ignorée.";"";"";"";""
"utils.communaute.001";"utils/communaute.js";"75";"";"❌ Identifiant de serveur invalide.\n➜ Activez le **mode développeur** dans Discord, clic droit sur le serveur principal → **Copier l'identifiant**.";"";"";"";""
"utils.communaute.002";"utils/communaute.js";"79";"";"❌ C'est l'identifiant de CE serveur.\n";"";"";"";""
"utils.communaute.003";"utils/communaute.js";"80";"";"➜ Indiquez celui du serveur **principal** de la communauté. Si c'est lui le principal, les autres serveurs doivent pointer vers lui.";"";"";"";""
"utils.communaute.004";"utils/communaute.js";"96";"";"❌ Je ne trouve pas le propriétaire de ce serveur — la demande est enregistrée mais personne ne peut la valider.\n";"";"";"";""
"utils.communaute.005";"utils/communaute.js";"97";"";"➜ Demandez au propriétaire de lancer lui-même la liaison.";"";"";"";""
"utils.communaute.006";"utils/communaute.js";"121";"";"🏢 Demande de liaison des entreprises";"";"";"";""
"utils.communaute.007";"utils/communaute.js";"123";"";"Ce qui est demandé";"";"";"";""
"utils.communaute.008";"utils/communaute.js";"126";"";"Ce que ça change";"";"";"";""
"utils.communaute.009";"utils/communaute.js";"127";"";"Les **entreprises RP** deviennent communes aux serveurs de cette communauté.";"";"";"";""
"utils.communaute.010";"utils/communaute.js";"128";"";"Le staff de ces serveurs pourra les voir et les modifier.";"";"";"";""
"utils.communaute.011";"utils/communaute.js";"129";"";"Rien d'autre n'est partagé : niveaux, tickets, whitelist et rôles restent chez vous.";"";"";"";""
"utils.communaute.012";"utils/communaute.js";"131";"";"Vous seul décidez";"";"";"";""
"utils.communaute.013";"utils/communaute.js";"132";"";"Vous recevez ce message parce que vous êtes **propriétaire** de ce serveur.";"";"";"";""
"utils.communaute.014";"utils/communaute.js";"133";"";"Sans votre accord, rien n'est partagé : le serveur garde ses entreprises pour lui.";"";"";"";""
"utils.communaute.015";"utils/communaute.js";"140";"";"Valider la liaison";"";"";"";""
"utils.communaute.016";"utils/communaute.js";"152";"";"❌ Ce serveur n'est plus accessible.";"";"";"";""
"utils.communaute.017";"utils/communaute.js";"159";"";"⛔ Seul le **propriétaire** de ce serveur peut répondre à cette demande.";"";"";"";""
"utils.communaute.018";"utils/communaute.js";"172";"OUI — valeur technique, laisser tel quel";"✅ Liaison validée";"✅ Liaison validée";"✅ Liaison validée";"✅ Liaison validée";"✅ Liaison validée"
"utils.communaute.019";"utils/communaute.js";"172";"";"🚫 Liaison refusée";"";"";"";""
"utils.communaute.020";"utils/communaute.js";"175";"";"-# Vous pouvez revenir en arrière à tout moment : `/config` → 🎭 Module RP.";"";"";"";""
"utils.communaute.021";"utils/communaute.js";"177";"";"-# La demande peut être refaite plus tard.";"";"";"";""
"utils.configPanel.001";"utils/configPanel.js";"32";"";"👮 Rôle Staff";"";"";"";""
"utils.configPanel.002";"utils/configPanel.js";"33";"";"🛡️ Rôle Administration";"";"";"";""
"utils.configPanel.003";"utils/configPanel.js";"34";"";"🧑‍💼 Rôle « En service »";"";"";"";""
"utils.configPanel.004";"utils/configPanel.js";"35";"";"🤖 Rôle vérifié (captcha)";"";"";"";""
"utils.configPanel.005";"utils/configPanel.js";"36";"";"✅ Rôle Whitelist RP";"";"";"";""
"utils.configPanel.006";"utils/configPanel.js";"40";"";"🔐 Salon des logs de sécurité";"";"";"";""
"utils.configPanel.007";"utils/configPanel.js";"41";"";"📈 Salon des annonces de niveau";"";"";"";""
"utils.configPanel.008";"utils/configPanel.js";"42";"";"🧑‍💼 Salon des prises/fins de service";"";"";"";""
"utils.configPanel.009";"utils/configPanel.js";"43";"";"📣 Salon des arrivées/départs staff";"";"";"";""
"utils.configPanel.010";"utils/configPanel.js";"44";"";"👋 Salon des arrivées/départs des membres";"";"";"";""
"utils.configPanel.011";"utils/configPanel.js";"45";"";"📤 Salon des départs (sinon = arrivées)";"";"";"";""
"utils.configPanel.012";"utils/configPanel.js";"46";"";"📦 Salon des annonces de mise à jour";"";"";"";""
"utils.configPanel.013";"utils/configPanel.js";"47";"";"🖼️ Salon des preuves (staff du bot)";"";"";"";""
"utils.configPanel.014";"utils/configPanel.js";"48";"";"🤝 Salon des partenariats";"";"";"";""
"utils.configPanel.015";"utils/configPanel.js";"49";"";"📝 Salon des patch notes";"";"";"";""
"utils.configPanel.016";"utils/configPanel.js";"50";"";"🤖 Salon du captcha";"";"";"";""
"utils.configPanel.017";"utils/configPanel.js";"51";"";"📄 Salon des transcripts de tickets (défaut : logs)";"";"";"";""
"utils.configPanel.018";"utils/configPanel.js";"54";"";"*Non configuré*";"";"";"";""
"utils.configPanel.019";"utils/configPanel.js";"76";"";"*Aucun rôle métier configuré*";"";"";"";""
"utils.configPanel.020";"utils/configPanel.js";"89";"";"⬅ Retour au panneau";"";"";"";""
"utils.configPanel.021";"utils/configPanel.js";"98";"";"⚙️ Panneau de configuration";"";"";"";""
"utils.configPanel.022";"utils/configPanel.js";"99";"";"Vue d'ensemble de la configuration. Choisissez une **catégorie** dans le menu ci-dessous pour la modifier.";"";"";"";""
"utils.configPanel.023";"utils/configPanel.js";"102";"";"👮 Rôles";"";"";"";""
"utils.configPanel.024";"utils/configPanel.js";"104";"";").join(' ') || '*Non configuré*'}";"";"";"";""
"utils.configPanel.025";"utils/configPanel.js";"111";"";"📢 Salons";"";"";"";""
"utils.configPanel.026";"utils/configPanel.js";"117";"";"*Non configuré — #shadow-logs sera créé automatiquement*";"";"";"";""
"utils.configPanel.027";"utils/configPanel.js";"117";"";" : '*Non configuré — #shadow-logs sera créé automatiquement*'}";"";"";"";""
"utils.configPanel.028";"utils/configPanel.js";"122";"";"📈 XP & niveaux";"";"";"";""
"utils.configPanel.029";"utils/configPanel.js";"130";"";"🎭 Module RP";"";"";"";""
"utils.configPanel.030";"utils/configPanel.js";"132";"";"🟢 **Activé** — /carte, /permis, /entreprise, /assurance, /service, /temps disponibles";"";"";"";""
"utils.configPanel.031";"utils/configPanel.js";"133";"";"🔴 **Désactivé** — les commandes RP sont masquées sur ce serveur";"";"";"";""
"utils.configPanel.032";"utils/configPanel.js";"136";"";"📋 Whitelist métiers";"";"";"";""
"utils.configPanel.033";"utils/configPanel.js";"138";"";"🎫 Tickets";"";"";"";""
"utils.configPanel.034";"utils/configPanel.js";"143";"";"*Aucun type de ticket configuré*";"";"";"";""
"utils.configPanel.035";"utils/configPanel.js";"148";"";"📡 Réseaux sociaux";"";"";"";""
"utils.configPanel.036";"utils/configPanel.js";"154";"";"*Aucun réseau suivi*";"";"";"";""
"utils.configPanel.037";"utils/configPanel.js";"159";"";"Seul le staff peut utiliser ce panneau • Le rôle Administration ne peut être changé que par un admin";"";"";"";""
"utils.configPanel.038";"utils/configPanel.js";"164";"";"⚙️ Choisissez une catégorie à configurer…";"";"";"";""
"utils.configPanel.039";"utils/configPanel.js";"166";"";"Modules (RP, Interactions, SAO)";"";"";"";""
"utils.configPanel.040";"utils/configPanel.js";"166";"";"Activer/désactiver RP, Interactions et Aventure SAO";"";"";"";""
"utils.configPanel.041";"utils/configPanel.js";"167";"";"Rôles";"Roles";"";"";""
"utils.configPanel.042";"utils/configPanel.js";"167";"";"Staff, administration, en service";"";"";"";""
"utils.configPanel.043";"utils/configPanel.js";"168";"";"Logs, niveaux, service, staff";"";"";"";""
"utils.configPanel.044";"utils/configPanel.js";"169";"";"XP texte, XP vocal, cooldown";"";"";"";""
"utils.configPanel.045";"utils/configPanel.js";"170";"";"Sécurité";"";"";"";""
"utils.configPanel.046";"utils/configPanel.js";"170";"";"Anti-spam, anti-nuke, captcha";"";"";"";""
"utils.configPanel.047";"utils/configPanel.js";"171";"";"Whitelist métiers";"";"";"";""
"utils.configPanel.048";"utils/configPanel.js";"171";"";"Autorisations des gérants";"";"";"";""
"utils.configPanel.049";"utils/configPanel.js";"172";"";"Types de tickets, catégories, rôles support";"";"";"";""
"utils.configPanel.050";"utils/configPanel.js";"173";"";"Réseaux sociaux";"";"";"";""
"utils.configPanel.051";"utils/configPanel.js";"173";"";"Annonces des lives et nouvelles vidéos";"";"";"";""
"utils.configPanel.052";"utils/configPanel.js";"187";"";"👮 Configuration — Rôles";"";"";"";""
"utils.configPanel.053";"utils/configPanel.js";"195";"";"\n\n➕ Sélectionner un rôle dans un menu **l'ajoute** à la liste (les rôles s'accumulent). 🧹 Utilisez les boutons **Vider** pour repartir de zéro.";"";"";"";""
"utils.configPanel.054";"utils/configPanel.js";"196";"";"\n🚓 La **police** peut consulter le casier judiciaire (`/casierjudiciaire`) et retirer des points de permis.";"";"";"";""
"utils.configPanel.055";"utils/configPanel.js";"200";"";"👮 Rôles Staff (plusieurs possibles)";"";"";"";""
"utils.configPanel.056";"utils/configPanel.js";"206";"";"🛡️ Rôles Administration (plusieurs possibles)";"";"";"";""
"utils.configPanel.057";"utils/configPanel.js";"212";"";"🚓 Rôles Police (plusieurs possibles)";"";"";"";""
"utils.configPanel.058";"utils/configPanel.js";"223";"";"⬅ Retour";"";"";"";""
"utils.configPanel.059";"utils/configPanel.js";"245";"";"📢 Configuration — Salons";"";"";"";""
"utils.configPanel.060";"utils/configPanel.js";"251";"";"\n\n1️⃣ Choisissez le réglage, 2️⃣ puis le salon.";"";"";"";""
"utils.configPanel.061";"utils/configPanel.js";"252";"";"\n\n📦 *Sans salon de mises à jour configuré, le bot crée automatiquement **#shadow-logs**, visible uniquement du staff, et y publie les annonces.*";"";"";"";""
"utils.configPanel.062";"utils/configPanel.js";"253";"";"\n🔔 *Choisissez 📝 **Salon des patch notes** ci-dessous pour régler qui est mentionné. Par défaut : personne.*";"";"";"";""
"utils.configPanel.063";"utils/configPanel.js";"257";"";"1️⃣ Quel salon voulez-vous configurer ?";"";"";"";""
"utils.configPanel.064";"utils/configPanel.js";"287";"";"3️⃣ Qui mentionner à chaque note ?";"";"";"";""
"utils.configPanel.065";"utils/configPanel.js";"289";"";"Personne (défaut)";"";"";"";""
"utils.configPanel.066";"utils/configPanel.js";"290";"";"Tout le serveur";"";"";"";""
"utils.configPanel.067";"utils/configPanel.js";"291";"";"Les membres connectés";"";"";"";""
"utils.configPanel.068";"utils/configPanel.js";"297";"";"… ou un rôle précis";"";"";"";""
"utils.configPanel.069";"utils/configPanel.js";"311";"";"🔕 **Personne** *(défaut)*";"";"";"";""
"utils.configPanel.070";"utils/configPanel.js";"312";"";"📢 **@everyone**";"";"";"";""
"utils.configPanel.071";"utils/configPanel.js";"313";"";"👋 **@here**";"";"";"";""
"utils.configPanel.072";"utils/configPanel.js";"332";"";"*Aucune récompense — le bot ne donne aucun rôle de lui-même.*";"";"";"";""
"utils.configPanel.073";"utils/configPanel.js";"336";"";"📈 Configuration — XP & niveaux";"";"";"";""
"utils.configPanel.074";"utils/configPanel.js";"338";"";"📊 Système de niveaux";"";"";"";""
"utils.configPanel.075";"utils/configPanel.js";"338";"OUI — valeur technique, laisser tel quel";"🟢 **Activé**";"🟢 **Activé**";"🟢 **Activé**";"🟢 **Activé**";"🟢 **Activé**"
"utils.configPanel.076";"utils/configPanel.js";"338";"";"🔴 **Désactivé**";"";"";"";""
"utils.configPanel.077";"utils/configPanel.js";"340";"";"⚡ Gain d'XP";"";"";"";""
"utils.configPanel.078";"utils/configPanel.js";"347";"";"📢 Salon des annonces";"";"";"";""
"utils.configPanel.079";"utils/configPanel.js";"347";"";"*Non configuré — aucune annonce*";"";"";"";""
"utils.configPanel.080";"utils/configPanel.js";"348";"";"🏅 Récompenses de niveau";"🏅 Level rewards";"";"";""
"utils.configPanel.081";"utils/configPanel.js";"350";"";"🧱 Les rôles s'ajoutent";"";"";"";""
"utils.configPanel.082";"utils/configPanel.js";"350";"OUI — valeur technique, laisser tel quel";"🔄 Un seul rôle à la fois";"🔄 Un seul rôle à la fois";"🔄 Un seul rôle à la fois";"🔄 Un seul rôle à la fois";"🔄 Un seul rôle à la fois"
"utils.configPanel.083";"utils/configPanel.js";"352";"";"Chaque palier atteint s'ajoute aux précédents.";"";"";"";""
"utils.configPanel.084";"utils/configPanel.js";"353";"";"Le palier atteint remplace le précédent.";"";"";"";""
"utils.configPanel.085";"utils/configPanel.js";"358";"";"Une minute passée en vocal rapporte autant qu'un message écrit : il n'y a qu'**un seul niveau**.\n";"";"";"";""
"utils.configPanel.086";"utils/configPanel.js";"359";"";"📢 Les montées de niveau ne s'annoncent QUE dans le salon configuré (⚙️ Salons → 📈).";"";"";"";""
"utils.configPanel.087";"utils/configPanel.js";"362";"";"✏️ Modifier les valeurs";"";"";"";""
"utils.configPanel.088";"utils/configPanel.js";"365";"OUI — valeur technique, laisser tel quel";"Désactiver les niveaux";"Désactiver les niveaux";"Désactiver les niveaux";"Désactiver les niveaux";"Désactiver les niveaux"
"utils.configPanel.089";"utils/configPanel.js";"365";"";"Activer les niveaux";"";"";"";""
"utils.configPanel.090";"utils/configPanel.js";"370";"";"🏅 Ajouter une récompense";"";"";"";""
"utils.configPanel.091";"utils/configPanel.js";"371";"";"🗑 Retirer une récompense";"";"";"";""
"utils.configPanel.092";"utils/configPanel.js";"374";"";"🧱 Cumuler les rôles";"";"";"";""
"utils.configPanel.093";"utils/configPanel.js";"383";"OUI — valeur technique, laisser tel quel";"✅ activé";"✅ activé";"✅ activé";"✅ activé";"✅ activé"
"utils.configPanel.094";"utils/configPanel.js";"383";"";"❌ désactivé";"";"";"";""
"utils.configPanel.095";"utils/configPanel.js";"386";"";"🛡️ Configuration — Sécurité";"";"";"";""
"utils.configPanel.096";"utils/configPanel.js";"390";"";"   ↳ bloque flood, invitations, mentions massives, arnaques, zalgo";"";"";"";""
"utils.configPanel.097";"utils/configPanel.js";"392";"";"   ↳ quarantaine en cas d'actions destructives massives";"";"";"";""
"utils.configPanel.098";"utils/configPanel.js";"397";"";"Boutons = activer/désactiver • Menus = rôle vérifié et salon du captcha";"";"";"";""
"utils.configPanel.099";"utils/configPanel.js";"405";"";"🤖 Rôle donné après le captcha";"";"";"";""
"utils.configPanel.100";"utils/configPanel.js";"427";"";"📋 Configuration — Whitelist";"";"";"";""
"utils.configPanel.101";"utils/configPanel.js";"431";"";"🧑‍🏭 Whitelist métiers — gérer les autorisations";"";"";"";""
"utils.configPanel.102";"utils/configPanel.js";"433";"";"• `/whitelist config ajouter gerant:@Gérant role:@Métier [role2 …]` — autoriser un gérant sur **un ou plusieurs** rôles *(admin)*\n";"";"";"";""
"utils.configPanel.103";"utils/configPanel.js";"433";"";"/whitelist config ajouter gerant:@Gérant role:@Métier [role2 …]";"";"";"";""
"utils.configPanel.104";"utils/configPanel.js";"434";"";"• `/whitelist config retirer role:@Métier [gerant:@Gérant]` — retirer *(admin)*\n";"";"";"";""
"utils.configPanel.105";"utils/configPanel.js";"434";"";"/whitelist config retirer role:@Métier [gerant:@Gérant]";"";"";"";""
"utils.configPanel.106";"utils/configPanel.js";"435";"";"• `/whitelist ajouter utilisateur:@membre role:@Métier` — whitelister une recrue";"";"";"";""
"utils.configPanel.107";"utils/configPanel.js";"435";"";"/whitelist ajouter utilisateur:@membre role:@Métier";"";"";"";""
"utils.configPanel.108";"utils/configPanel.js";"438";"";"✅ Whitelist RP — rôle attribué";"";"";"";""
"utils.configPanel.109";"utils/configPanel.js";"440";"";"un (\`/whitelistrp ajouter\`) : ${show(cfg.wlrp_role_id, ";"";"";"";""
"utils.configPanel.110";"utils/configPanel.js";"441";"";"_Sélectionnez-le ci-dessous (menu vide = aucun rôle attribué)._";"";"";"";""
"utils.configPanel.111";"utils/configPanel.js";"446";"";"✅ Rôle attribué à la Whitelist RP";"";"";"";""
"utils.configPanel.112";"utils/configPanel.js";"462";"OUI — valeur technique, laisser tel quel";" · 🔒 **Verrouillé**";" · 🔒 **Verrouillé**";" · 🔒 **Verrouillé**";" · 🔒 **Verrouillé**";" · 🔒 **Verrouillé**"
"utils.configPanel.113";"utils/configPanel.js";"463";"";"Le Module RP regroupe :\n🪪 `/carte` · 🚗 `/permis` · 🏢 `/entreprise` · 🛡️ `/assurance` · 🧑‍💼 `/service` · ⏱️ `/temps`\n\n";"";"";"";""
"utils.configPanel.114";"utils/configPanel.js";"464";"";"Désactivé, ces commandes sont **retirées de la liste du serveur** — seules les commandes de base du bot restent visibles. ";"";"";"";""
"utils.configPanel.115";"utils/configPanel.js";"465";"";"La synchronisation est appliquée immédiatement après le changement.";"";"";"";""
"utils.configPanel.116";"utils/configPanel.js";"467";"";"\n\n🔒 Ce réglage est **verrouillé par l'administrateur du bot** : il ne peut être modifié que depuis le gestionnaire des bots.";"";"";"";""
"utils.configPanel.117";"utils/configPanel.js";"472";"";"🎮 Module Interactions";"";"";"";""
"utils.configPanel.118";"utils/configPanel.js";"475";"";"`/interact` (câlin, tape, gifle… façon Nekotina). Désactivé par défaut.";"";"";"";""
"utils.configPanel.119";"utils/configPanel.js";"479";"";"⚔️ Module Aventure SAO";"";"";"";""
"utils.configPanel.120";"utils/configPanel.js";"482";"";"`/sao` : jeu d'aventure (100 étages d'Aincrad) — badges, XP auto, gains AFK. Désactivé par défaut.";"";"";"";""
"utils.configPanel.121";"utils/configPanel.js";"489";"";"🎮 Jeu du serveur";"";"";"";""
"utils.configPanel.122";"utils/configPanel.js";"492";"";"-# Change les mots du Module RP. Aucune fiche n'est perdue : on peut revenir en arrière.";"";"";"";""
"utils.configPanel.123";"utils/configPanel.js";"495";"";"Activer le Module RP";"";"";"";""
"utils.configPanel.124";"utils/configPanel.js";"496";"";"Désactiver le RP";"";"";"";""
"utils.configPanel.125";"utils/configPanel.js";"501";"";"🔒 **Non liée** — les entreprises de ce serveur restent chez lui.";"";"";"";""
"utils.configPanel.126";"utils/configPanel.js";"503";"OUI — valeur technique, laisser tel quel";" — entreprises partagées.";" — entreprises partagées.";" — entreprises partagées.";" — entreprises partagées.";" — entreprises partagées."
"utils.configPanel.127";"utils/configPanel.js";"506";"";"🚫 **Refusée** par le propriétaire.";"";"";"";""
"utils.configPanel.128";"utils/configPanel.js";"508";"";"🏢 Entreprises partagées";"";"";"";""
"utils.configPanel.129";"utils/configPanel.js";"510";"";"-# Relier fait des entreprises RP un bien commun aux serveurs d'une même communauté. ";"";"";"";""
"utils.configPanel.130";"utils/configPanel.js";"511";"";"Seul le **propriétaire** du serveur peut l'accepter — un administrateur peut être nommé le matin et parti le soir.";"";"";"";""
"utils.configPanel.131";"utils/configPanel.js";"521";"";"🌍 Langue du bot";"";"";"";""
"utils.configPanel.132";"utils/configPanel.js";"524";"";"-# Langue d'origine : tous les messages sont écrits dedans.";"";"";"";""
"utils.configPanel.133";"utils/configPanel.js";"525";"";"Traductions chargées";"";"";"";""
"utils.configPanel.134";"utils/configPanel.js";"525";"";" : 'Traductions chargées'} — le reste s'affiche en français.";"";"";"";""
"utils.configPanel.135";"utils/configPanel.js";"536";"OUI — valeur technique, laisser tel quel";"🔗 Changer de communauté";"🔗 Changer de communauté";"🔗 Changer de communauté";"🔗 Changer de communauté";"🔗 Changer de communauté"
"utils.configPanel.136";"utils/configPanel.js";"536";"";"🏢 Relier à une communauté";"";"";"";""
"utils.configPanel.137";"utils/configPanel.js";"537";"";"🔒 Garder les entreprises ici";"";"";"";""
"utils.configPanel.138";"utils/configPanel.js";"548";"";"Activer les Interactions";"";"";"";""
"utils.configPanel.139";"utils/configPanel.js";"549";"";"Désactiver";"";"";"";""
"utils.configPanel.140";"utils/configPanel.js";"552";"";"Activer l'Aventure SAO";"";"";"";""
"utils.configPanel.141";"utils/configPanel.js";"564";"";"📡 Configuration — Réseaux sociaux";"";"";"";""
"utils.configPanel.142";"utils/configPanel.js";"570";"";"*Aucun réseau suivi.*";"";"";"";""
"utils.configPanel.143";"utils/configPanel.js";"571";"";"\n\nLe bot vérifie **toutes les 5 minutes** et annonce automatiquement les **lives Twitch** ";"";"";"";""
"utils.configPanel.144";"utils/configPanel.js";"572";"";"et les **nouvelles vidéos/publications** (YouTube, TikTok, X, Reddit) dans le salon choisi.";"";"";"";""
"utils.configPanel.145";"utils/configPanel.js";"575";"";"Gérer les réseaux suivis";"";"";"";""
"utils.configPanel.146";"utils/configPanel.js";"577";"";"• `/reseaux ajouter plateforme identifiant salon [message]` — suivre une chaîne/un compte\n";"";"";"";""
"utils.configPanel.147";"utils/configPanel.js";"577";"";"/reseaux ajouter plateforme identifiant salon [message]";"";"";"";""
"utils.configPanel.148";"utils/configPanel.js";"578";"";"• `/reseaux retirer flux` — ne plus suivre\n";"";"";"";""
"utils.configPanel.149";"utils/configPanel.js";"578";"";"/reseaux retirer flux";"";"";"";""
"utils.configPanel.150";"utils/configPanel.js";"579";"";"• `/reseaux liste` — voir les suivis\n";"";"";"";""
"utils.configPanel.151";"utils/configPanel.js";"580";"";"Message personnalisé : variables `{nom}`, `{titre}`, `{lien}`";"";"";"";""
"utils.configPanel.152";"utils/configPanel.js";"594";"OUI — valeur technique, laisser tel quel";" — 🔒 bloquée";" — 🔒 bloquée";" — 🔒 bloquée";" — 🔒 bloquée";" — 🔒 bloquée"
"utils.configPanel.153";"utils/configPanel.js";"601";"";"🎫 Configuration — Tickets";"";"";"";""
"utils.configPanel.154";"utils/configPanel.js";"604";"";"\n\n➕ Ajoutez un type, ou sélectionnez-en un pour définir son **rôle support** ou le **supprimer**.";"";"";"";""
"utils.configPanel.155";"utils/configPanel.js";"605";"";"\n⚠️ Après un ajout ou une suppression, republiez le panneau : `/ticket panneau-modifier`.";"";"";"";""
"utils.configPanel.156";"utils/configPanel.js";"613";"";"🎫 Sélectionnez un type à gérer…";"";"";"";""
"utils.configPanel.157";"utils/configPanel.js";"636";"";"➕ Ajouter un type";"";"";"";""
"utils.configPanel.158";"utils/configPanel.js";"641";"";"🗑 Supprimer ce type";"";"";"";""
"utils.configPanel.159";"utils/configPanel.js";"653";"";"🎫 Nouveau type de ticket";"";"";"";""
"utils.configPanel.160";"utils/configPanel.js";"660";"";"📁 Catégorie des salons de tickets";"";"";"";""
"utils.configPanel.161";"utils/configPanel.js";"678";"";"Nom du type (ex : Support)";"";"";"";""
"utils.configPanel.162";"utils/configPanel.js";"695";"";"Paramètres";"";"";"";""
"utils.configPanel.163";"utils/configPanel.js";"695";"";"Idée / suggestion";"";"";"";""
"utils.configPanel.164";"utils/configPanel.js";"697";"";"Réclamation";"";"";"";""
"utils.configPanel.165";"utils/configPanel.js";"698";"";"Coup de cœur";"";"";"";""
"utils.configPanel.166";"utils/configPanel.js";"700";"";"Création";"";"";"";""
"utils.configPanel.167";"utils/configPanel.js";"738";"OUI — valeur technique, laisser tel quel";" et de **tous les serveurs du bot**";" et de **tous les serveurs du bot**";" et de **tous les serveurs du bot**";" et de **tous les serveurs du bot**";" et de **tous les serveurs du bot**"
"utils.configPanel.168";"utils/configPanel.js";"743";"";"😀 Choisissez un emoji…";"";"";"";""
"utils.configPanel.169";"utils/configPanel.js";"754";"";"◀ Précédent";"";"";"";""
"utils.configPanel.170";"utils/configPanel.js";"757";"";"⬅ Annuler";"";"";"";""
"utils.configPanel.171";"utils/configPanel.js";"778";"";"📈 Réglages XP";"";"";"";""
"utils.configPanel.172";"utils/configPanel.js";"783";"";"XP par message et par minute de vocal (1 à 1000)";"";"";"";""
"utils.configPanel.173";"utils/configPanel.js";"784";"";"Cooldown XP texte en secondes (5 à 3600)";"";"";"";""
"utils.configPanel.174";"utils/configPanel.js";"792";"";"🏅 Récompense de niveau";"";"";"";""
"utils.configPanel.175";"utils/configPanel.js";"795";"";"Niveau à atteindre (1 à 500)";"";"";"";""
"utils.configPanel.176";"utils/configPanel.js";"799";"";"Rôle à donner (nom ou identifiant)";"";"";"";""
"utils.configPanel.177";"utils/configPanel.js";"811";"";"Niveau de la récompense à retirer";"";"";"";""
"utils.configPanel.178";"utils/configPanel.js";"823";"";"⛔ Sécurité : ce panneau est réservé au **staff**.";"";"";"";""
"utils.configPanel.179";"utils/configPanel.js";"848";"";"🛡️ Sécurité modifiée";"";"";"";""
"utils.configPanel.180";"utils/configPanel.js";"848";"OUI — valeur technique, laisser tel quel";"activé";"activé";"activé";"activé";"activé"
"utils.configPanel.181";"utils/configPanel.js";"848";"";"désactivé";"";"";"";""
"utils.configPanel.182";"utils/configPanel.js";"859";"";"⛔ Sécurité : seul un membre de l'**administration** peut changer le rôle Administration.";"";"";"";""
"utils.configPanel.183";"utils/configPanel.js";"869";"";"⚙️ Configuration modifiée";"";"";"";""
"utils.configPanel.184";"utils/configPanel.js";"869";"";"*retiré*";"";"";"";""
"utils.configPanel.185";"utils/configPanel.js";"882";"";"**administration** peut changer les rôles ${kind === ";"";"";"";""
"utils.configPanel.186";"utils/configPanel.js";"917";"";"**administration** peut vider les rôles ${kind === ";"";"";"";""
"utils.configPanel.187";"utils/configPanel.js";"941";"";"🔒 Réglage **verrouillé par l'administrateur du bot** — modifiable uniquement depuis le gestionnaire.";"";"";"";""
"utils.configPanel.188";"utils/configPanel.js";"953";"";"🟢 Module RP **activé** — les commandes RP sont maintenant visibles sur le serveur.";"";"";"";""
"utils.configPanel.189";"utils/configPanel.js";"954";"";"🔴 Module RP **désactivé** — les commandes RP ont été retirées du serveur.";"";"";"";""
"utils.configPanel.190";"utils/configPanel.js";"975";"OUI — valeur technique, laisser tel quel";"activées";"activées";"activées";"activées";"activées"
"utils.configPanel.191";"utils/configPanel.js";"975";"";"désactivées";"";"";"";""
"utils.configPanel.192";"utils/configPanel.js";"988";"";"\n-# Les textes non traduits restent en français.";"";"";"";""
"utils.configPanel.193";"utils/configPanel.js";"996";"";"🏢 Relier les entreprises";"";"";"";""
"utils.configPanel.194";"utils/configPanel.js";"999";"";"Identifiant du serveur principal";"";"";"";""
"utils.configPanel.195";"utils/configPanel.js";"1000";"";"Clic droit sur le serveur → Copier l'identifiant";"";"";"";""
"utils.configPanel.196";"utils/configPanel.js";"1009";"";"🏢 Entreprises";"";"";"";""
"utils.configPanel.197";"utils/configPanel.js";"1045";"";"📈 Système de niveaux";"";"";"";""
"utils.configPanel.198";"utils/configPanel.js";"1045";"OUI — valeur technique, laisser tel quel";"activés";"activés";"activés";"activés";"activés"
"utils.configPanel.199";"utils/configPanel.js";"1045";"";"désactivés";"";"";"";""
"utils.configPanel.200";"utils/configPanel.js";"1057";"OUI — valeur technique, laisser tel quel";"activée";"activée";"activée";"activée";"activée"
"utils.configPanel.201";"utils/configPanel.js";"1057";"";"désactivée";"";"";"";""
"utils.configPanel.202";"utils/configPanel.js";"1070";"";"❌ Maximum 25 types de tickets (limite des boutons Discord).";"";"";"";""
"utils.configPanel.203";"utils/configPanel.js";"1080";"";"❌ Le nom du type est requis.";"";"";"";""
"utils.configPanel.204";"utils/configPanel.js";"1134";"";"puis republiez le panneau : `/ticket panneau-modifier`.";"";"";"";""
"utils.configPanel.205";"utils/configPanel.js";"1139";"";"🎫 Type de ticket créé";"";"";"";""
"utils.configPanel.206";"utils/configPanel.js";"1154";"";"🎫 Rôles support définis";"";"";"";""
"utils.configPanel.207";"utils/configPanel.js";"1168";"";"🎫 Rôles support vidés";"";"";"";""
"utils.configPanel.208";"utils/configPanel.js";"1185";"";"🎫 Type de ticket supprimé";"";"";"";""
"utils.configPanel.209";"utils/configPanel.js";"1248";"";"✅ Liaison validée : vous portez la couronne, il n'y a personne au-dessus à consulter.";"";"";"";""
"utils.configPanel.210";"utils/configPanel.js";"1255";"";"➜ Demandez-lui de lancer lui-même `/config` → 🎭 Module RP → 🏢 Entreprises.";"";"";"";""
"utils.configPanel.211";"utils/configPanel.js";"1257";"";"-# Rien n'est partagé tant qu'il n'a pas validé.";"";"";"";""
"utils.configPanel.212";"utils/configPanel.js";"1266";"";"❌ Le niveau doit être un nombre entre **1** et **500**.";"";"";"";""
"utils.configPanel.213";"utils/configPanel.js";"1300";"";"➜ Collez son **identifiant**, sa **mention** (`@Rôle`), ou son **nom exact**.";"";"";"";""
"utils.configPanel.214";"utils/configPanel.js";"1300";"";"@Rôle";"";"";"";""
"utils.configPanel.215";"utils/configPanel.js";"1316";"";"➜ Remontez mon rôle au-dessus dans **Paramètres du serveur → Rôles**, puis réessayez.";"";"";"";""
"utils.configPanel.216";"utils/configPanel.js";"1341";"";"❌ Valeurs invalides : entrez uniquement des nombres.";"";"";"";""
"utils.configPanel.217";"utils/configPanel.js";"1349";"";"✅ Réglages XP mis à jour.";"";"";"";""
"utils.configPanel.218";"utils/configPanel.js";"1361";"";"Erreur panneau de configuration :";"";"";"";""
"utils.configPanel.219";"utils/configPanel.js";"1362";"";"❌ Une erreur est survenue dans le panneau de configuration.";"";"";"";""
"utils.embedComposer.001";"utils/embedComposer.js";"234";"";"`&&` une barre · `&& Titre` une section · `&>` une entrée · `\\n` un saut de ligne";"";"";"";""
"utils.embedComposer.002";"utils/embedComposer.js";"237";"OUI — valeur technique, laisser tel quel";"🎭 Rôles : réaction";"🎭 Rôles : réaction";"🎭 Rôles : réaction";"🎭 Rôles : réaction";"🎭 Rôles : réaction"
"utils.embedComposer.003";"utils/embedComposer.js";"237";"";"🖱️ Rôles : bouton";"";"";"";""
"utils.embedComposer.004";"utils/embedComposer.js";"238";"OUI — valeur technique, laisser tel quel";"💾 Enregistrer";"💾 Enregistrer";"💾 Enregistrer";"💾 Enregistrer";"💾 Enregistrer"
"utils.embedComposer.005";"utils/embedComposer.js";"238";"";"📤 Envoyer";"";"";"";""
"utils.embedComposer.006";"utils/embedComposer.js";"245";"";"Libellés";"";"";"";""
"utils.embedComposer.007";"utils/embedComposer.js";"288";"";"salon non choisi";"";"";"";""
"utils.embedComposer.008";"utils/embedComposer.js";"307";"";"Ci-dessous, la première.";"";"";"";""
"utils.embedComposer.009";"utils/embedComposer.js";"311";"";"-# ⚠️ Ce message dépasse ce qu'une carte peut porter : il partira dans l'ancien style, ";"";"";"";""
"utils.embedComposer.010";"utils/embedComposer.js";"312";"";"avec la barre colorée à gauche. Raccourcissez le texte pour retrouver la carte.";"";"";"";""
"utils.embedComposer.011";"utils/embedComposer.js";"426";"";"❌ Message introuvable. Vérifiez le lien, et que je vois bien ce salon.";"";"";"";""
"utils.embedComposer.012";"utils/embedComposer.js";"428";"";"❌ Je ne peux réécrire que **mes propres** messages. Celui-ci est d'un autre auteur.";"";"";"";""
"utils.embedComposer.013";"utils/embedComposer.js";"440";"";"❌ Ce message n'a ni embed ni carte : il n'y a rien à rouvrir dans l'éditeur.";"";"";"";""
"utils.embedComposer.014";"utils/embedComposer.js";"475";"";"❌ Salon introuvable, ou je n'y ai pas accès.";"";"";"";""
"utils.embedComposer.015";"utils/embedComposer.js";"488";"";"❌ Envoi refusé. Vérifiez que je peux écrire et joindre des liens dans ce salon.";"";"";"";""
"utils.embedComposer.016";"utils/embedComposer.js";"525";"";"❌ Le message a disparu, ou je n'ai plus accès à son salon.";"";"";"";""
"utils.embedComposer.017";"utils/embedComposer.js";"541";"";"❌ Le nouveau texte ne tient pas dans une carte. Raccourcissez-le.";"";"";"";""
"utils.embedComposer.018";"utils/embedComposer.js";"552";"";"❌ Discord a refusé la modification. Le message est peut-être trop long.";"";"";"";""
"utils.embedComposer.019";"utils/embedComposer.js";"569";"";"⏳ Cet éditeur a expiré. Relancez la commande.";"";"";"";""
"utils.embedComposer.020";"utils/embedComposer.js";"578";"";"Message au-dessus (facultatif)";"";"";"";""
"utils.embedComposer.021";"utils/embedComposer.js";"579";"";"Titre de l'embed (facultatif)";"";"";"";""
"utils.embedComposer.022";"utils/embedComposer.js";"580";"";"Description (\\n = saut de ligne)";"";"";"";""
"utils.embedComposer.023";"utils/embedComposer.js";"581";"";"Pied de page (facultatif)";"";"";"";""
"utils.embedComposer.024";"utils/embedComposer.js";"588";"";"Couleur hex (ex : #5865F2)";"";"";"";""
"utils.embedComposer.025";"utils/embedComposer.js";"589";"";"URL grande image (facultatif)";"";"";"";""
"utils.embedComposer.026";"utils/embedComposer.js";"590";"";"URL miniature (facultatif)";"";"";"";""
"utils.embedComposer.027";"utils/embedComposer.js";"591";"";"Auteur en haut (facultatif)";"";"";"";""
"utils.embedComposer.028";"utils/embedComposer.js";"600";"";"🎭 Choisissez d'abord un ou plusieurs rôles dans la liste déroulante.";"";"";"";""
"utils.embedComposer.029";"utils/embedComposer.js";"603";"";"Libellés des rôles";"";"";"";""
"utils.embedComposer.030";"utils/embedComposer.js";"613";"";"émoji | libellé — ex : 🎮 | Joueur";"";"";"";""
"utils.embedComposer.031";"utils/embedComposer.js";"664";"";"Rôle";"";"";"";""
"utils.embedComposer.032";"utils/embedComposer.js";"676";"";"❌ Annulé.";"";"";"";""
"utils.embedComposer.033";"utils/embedComposer.js";"681";"";"❌ Le message est vide.";"";"";"";""
"utils.embedComposer.034";"utils/embedComposer.js";"684";"";"❌ Choisissez un salon d'envoi.";"";"";"";""
"utils.embedComposer.035";"utils/embedComposer.js";"689";"";"🎭 En mode **réaction**, chaque rôle a besoin d'un émoji : c'est lui qu'on clique. ";"";"";"";""
"utils.embedComposer.036";"utils/embedComposer.js";"690";"";"Ouvrez « 🏷️ Libellés » pour les renseigner, ou repassez en mode bouton.";"";"";"";""
"utils.embedComposer.037";"utils/embedComposer.js";"700";"OUI — valeur technique, laisser tel quel";"Message mis à jour";"Message mis à jour";"Message mis à jour";"Message mis à jour";"Message mis à jour"
"utils.embedComposer.038";"utils/embedComposer.js";"700";"";"Message envoyé";"";"";"";""
"utils.embedComposer.039";"utils/embedComposer.js";"703";"OUI — valeur technique, laisser tel quel";"à la réaction";"à la réaction";"à la réaction";"à la réaction";"à la réaction"
"utils.embeds.001";"utils/embeds.js";"95";"";"👤 Nom RP";"👤 RP surname";"";"";""
"utils.embeds.002";"utils/embeds.js";"96";"";"Prénom RP";"RP first name";"";"";""
"utils.embeds.003";"utils/embeds.js";"97";"";"⚧ Sexe";"⚧ Gender";"";"";""
"utils.embeds.004";"utils/embeds.js";"99";"";"🎂 Date de naissance";"🎂 Date of birth";"";"";""
"utils.embeds.005";"utils/embeds.js";"102";"";"💬 Pseudo Discord";"💬 Discord name";"";"";""
"utils.embeds.006";"utils/embeds.js";"103";"";"🔢 ID Discord";"🔢 Discord ID";"";"";""
"utils.embeds.007";"utils/embeds.js";"121";"";"📛 Statut";"📛 Status";"";"";""
"utils.embeds.008";"utils/embeds.js";"121";"OUI — valeur technique, laisser tel quel";"✅ Valide";"✅ Valide";"✅ Valide";"✅ Valide";"✅ Valide"
"utils.embeds.009";"utils/embeds.js";"121";"";"❌ Invalide";"❌ Invalid";"";"";""
"utils.embeds.010";"utils/embeds.js";"143";"";"📝 Description";"📝 Description";"";"";""
"utils.embeds.011";"utils/embeds.js";"154";"";"🛡️ Assurance";"🛡️ Insurance";"";"";""
"utils.embeds.012";"utils/embeds.js";"154";"OUI — valeur technique, laisser tel quel";"✅ Oui";"✅ Oui";"✅ Oui";"✅ Oui";"✅ Oui"
"utils.embeds.013";"utils/embeds.js";"154";"";"❌ Non";"❌ No";"";"";""
"utils.embeds.014";"utils/embeds.js";"159";"";"📋 Types d'assurance";"";"";"";""
"utils.embeds.015";"utils/embeds.js";"160";"";"*À définir*";"";"";"";""
"utils.langues.001";"utils/langues.js";"20";"";"Français";"";"";"";""
"utils.langues.002";"utils/langues.js";"41";"";"en vocal 🎙️";"";"";"";""
"utils.langues.003";"utils/langues.js";"41";"";"in voice 🎙️";"";"";"";""
"utils.langues.004";"utils/langues.js";"41";"";"im Sprachkanal 🎙️";"";"";"";""
"utils.langues.005";"utils/langues.js";"41";"";"en voz 🎙️";"";"";"";""
"utils.langues.006";"utils/langues.js";"42";"";"en écrivant ✍️";"";"";"";""
"utils.langues.007";"utils/langues.js";"42";"";"by chatting ✍️";"";"";"";""
"utils.langues.008";"utils/langues.js";"42";"";"beim Schreiben ✍️";"";"";"";""
"utils.langues.009";"utils/langues.js";"42";"";"escribiendo ✍️";"";"";"";""
"utils.langues.010";"utils/langues.js";"51";"";"📴 Le système de niveaux est **désactivé** sur ce serveur.";"";"";"";""
"utils.langues.011";"utils/langues.js";"52";"";"📴 The level system is **disabled** on this server.";"";"";"";""
"utils.langues.012";"utils/langues.js";"53";"";"📴 Das Levelsystem ist auf diesem Server **deaktiviert**.";"";"";"";""
"utils.langues.013";"utils/langues.js";"55";"";"📴 El sistema de niveles está **desactivado** en este servidor.";"";"";"";""
"utils.langues.014";"utils/langues.js";"74";"";"❌ Ce rôle n'existe plus. Prévenez un responsable du serveur.";"";"";"";""
"utils.langues.015";"utils/langues.js";"75";"";"❌ That role no longer exists. Please tell a server admin.";"";"";"";""
"utils.langues.016";"utils/langues.js";"76";"";"❌ Diese Rolle existiert nicht mehr. Bitte informiere die Serverleitung.";"";"";"";""
"utils.langues.017";"utils/langues.js";"78";"";"❌ Ese rol ya no existe. Avisa a un responsable del servidor.";"";"";"";""
"utils.langues.018";"utils/langues.js";"88";"";"❌ Je n'ai pas la permission « Gérer les rôles » sur ce serveur.";"";"";"";""
"utils.langues.019";"utils/langues.js";"89";"";"❌ I don't have the ""Manage Roles"" permission on this server.";"";"";"";""
"utils.langues.020";"utils/langues.js";"90";"";"❌ Mir fehlt die Berechtigung „Rollen verwalten"" auf diesem Server.";"";"";"";""
"utils.langues.021";"utils/langues.js";"92";"";"❌ No tengo el permiso «Gestionar roles» en este servidor.";"";"";"";""
"utils.langues.022";"utils/langues.js";"109";"";"➖ Aucun changement : vous aviez déjà exactement ces rôles.";"";"";"";""
"utils.langues.023";"utils/langues.js";"110";"";"➖ Nothing changed: you already had exactly those roles.";"";"";"";""
"utils.langues.024";"utils/langues.js";"111";"";"➖ Keine Änderung: Du hattest genau diese Rollen bereits.";"";"";"";""
"utils.langues.025";"utils/langues.js";"113";"";"➖ Sin cambios: ya tenías exactamente esos roles.";"";"";"";""
"utils.langues.026";"utils/langues.js";"131";"";"🔒 Ticket fermé";"🔒 Ticket closed";"";"";""
"utils.langues.027";"utils/langues.js";"131";"";"🔒 Ticket closed";"";"";"";""
"utils.langues.028";"utils/langues.js";"131";"";"🔒 Ticket geschlossen";"";"";"";""
"utils.langues.029";"utils/langues.js";"131";"";"🔒 Ticket cerrado";"";"";"";""
"utils.langues.030";"utils/langues.js";"133";"";"🗑️ Ce salon va être **supprimé automatiquement**…";"🗑️ This channel will be **deleted automatically**…";"";"";""
"utils.langues.031";"utils/langues.js";"134";"";"🗑️ This channel will be **deleted automatically**…";"";"";"";""
"utils.langues.032";"utils/langues.js";"135";"";"🗑️ Dieser Kanal wird **automatisch gelöscht**…";"";"";"";""
"utils.langues.033";"utils/langues.js";"137";"";"🗑️ Este canal se **eliminará automáticamente**…";"";"";"";""
"utils.langues.034";"utils/langues.js";"140";"";"⛔ Ces actions sont réservées au **staff du serveur** et aux rôles support de ce type de ticket.";"";"";"";""
"utils.langues.035";"utils/langues.js";"141";"";"⛔ These actions are reserved for **server staff** and the support roles of this ticket type.";"";"";"";""
"utils.langues.036";"utils/langues.js";"142";"";"⛔ Diese Aktionen sind dem **Serverteam** und den Support-Rollen dieses Ticket-Typs vorbehalten.";"";"";"";""
"utils.langues.037";"utils/langues.js";"144";"";"⛔ Estas acciones están reservadas al **staff del servidor** y a los roles de soporte de este tipo de ticket.";"";"";"";""
"utils.langues.038";"utils/langues.js";"149";"";"Rejoignez d'abord un salon vocal.";"Join a voice channel first.";"";"";""
"utils.langues.039";"utils/langues.js";"150";"";"Join a voice channel first.";"";"";"";""
"utils.langues.040";"utils/langues.js";"151";"";"Betritt zuerst einen Sprachkanal.";"";"";"";""
"utils.langues.041";"utils/langues.js";"153";"";"Entra primero en un canal de voz.";"";"";"";""
"utils.langues.042";"utils/langues.js";"156";"";"📭 Je ne joue rien pour le moment.";"📭 I'm not playing anything right now.";"";"";""
"utils.langues.043";"utils/langues.js";"157";"";"📭 I'm not playing anything right now.";"";"";"";""
"utils.langues.044";"utils/langues.js";"158";"";"📭 Ich spiele gerade nichts.";"";"";"";""
"utils.langues.045";"utils/langues.js";"160";"";"📭 No estoy reproduciendo nada ahora mismo.";"";"";"";""
"utils.langues.046";"utils/langues.js";"163";"";"➕ Ajouté à la file";"➕ Added to the queue";"";"";""
"utils.langues.047";"utils/langues.js";"163";"";"➕ Added to queue";"";"";"";""
"utils.langues.048";"utils/langues.js";"163";"";"➕ Zur Warteschlange hinzugefügt";"";"";"";""
"utils.langues.049";"utils/langues.js";"163";"";"➕ Añadido a la cola";"";"";"";""
"utils.langues.050";"utils/langues.js";"164";"";"🎶 File d'attente";"🎶 Queue";"";"";""
"utils.langues.051";"utils/langues.js";"164";"";"🎶 Queue";"";"";"";""
"utils.langues.052";"utils/langues.js";"164";"";"🎶 Warteschlange";"";"";"";""
"utils.langues.053";"utils/langues.js";"164";"";"🎶 Cola de reproducción";"";"";"";""
"utils.langues.054";"utils/langues.js";"166";"";"⏹️ Terminé, je quitte le vocal.";"⏹️ Done — leaving the voice channel.";"";"";""
"utils.langues.055";"utils/langues.js";"167";"";"⏹️ Done — leaving the voice channel.";"";"";"";""
"utils.langues.056";"utils/langues.js";"168";"";"⏹️ Fertig — ich verlasse den Sprachkanal.";"";"";"";""
"utils.langues.057";"utils/langues.js";"170";"";"⏹️ Listo, salgo del canal de voz.";"";"";"";""
"utils.langues.058";"utils/langues.js";"191";"";"⛔ Ce bouton ne fonctionne que sur un serveur, pas en message privé.";"⛔ This button only works on a server, not in direct messages.";"";"";""
"utils.langues.059";"utils/langues.js";"192";"";"⛔ This button only works on a server, not in direct messages.";"";"";"";""
"utils.langues.060";"utils/langues.js";"193";"";"⛔ Dieser Knopf funktioniert nur auf einem Server, nicht in Direktnachrichten.";"";"";"";""
"utils.langues.061";"utils/langues.js";"195";"";"⛔ Este botón solo funciona en un servidor, no en mensajes privados.";"";"";"";""
"utils.langues.062";"utils/langues.js";"198";"";"⏳ Ce bouton vient d'une version précédente du bot et n'est plus relié à rien.\n➜ Relancez la commande, ou demandez au staff de republier le panneau.";"";"";"";""
"utils.langues.063";"utils/langues.js";"199";"";"⏳ This button is from an older version of the bot and no longer leads anywhere.\n➜ Run the command again, or ask the staff to repost the panel.";"";"";"";""
"utils.langues.064";"utils/langues.js";"200";"";"⏳ Dieser Knopf stammt aus einer älteren Version des Bots und führt ins Leere.\n➜ Führe den Befehl erneut aus oder bitte das Team, das Panel neu zu posten.";"";"";"";""
"utils.langues.065";"utils/langues.js";"202";"";"⏳ Este botón es de una versión anterior del bot y ya no lleva a ninguna parte.\n➜ Vuelve a ejecutar el comando, o pide al staff que republique el panel.";"";"";"";""
"utils.langues.066";"utils/langues.js";"205";"";"❌ Cette action a échoué. Réessayez ; si cela recommence, prévenez le staff.";"❌ That action failed. Try again; if it keeps happening, tell the staff.";"";"";""
"utils.langues.067";"utils/langues.js";"206";"";"❌ That action failed. Try again; if it keeps happening, tell the staff.";"";"";"";""
"utils.langues.068";"utils/langues.js";"207";"";"❌ Diese Aktion ist fehlgeschlagen. Versuche es erneut; wenn es wieder passiert, sag dem Team Bescheid.";"";"";"";""
"utils.langues.069";"utils/langues.js";"209";"";"❌ La acción ha fallado. Inténtalo de nuevo; si se repite, avisa al staff.";"";"";"";""
"utils.langues.070";"utils/langues.js";"212";"";"⛔ Réservé au **staff** du serveur.";"⛔ Reserved for server **staff**.";"";"";""
"utils.langues.071";"utils/langues.js";"213";"";"⛔ Reserved for server **staff**.";"";"";"";""
"utils.langues.072";"utils/langues.js";"214";"";"⛔ Nur für das **Serverteam**.";"";"";"";""
"utils.langues.073";"utils/langues.js";"216";"";"⛔ Reservado al **staff** del servidor.";"";"";"";""
"utils.levels.001";"utils/levels.js";"99";"OUI — valeur technique, laisser tel quel";"en vocal 🎙️";"en vocal 🎙️";"en vocal 🎙️";"en vocal 🎙️";"en vocal 🎙️"
"utils.levels.002";"utils/levels.js";"99";"";"en écrivant ✍️";"";"";"";""
"utils.levels.003";"utils/levels.js";"181";"";"Palier de niveau dépassé";"";"";"";""
"utils.levels.004";"utils/levels.js";"199";"";"ce rôle n'existe plus";"";"";"";""
"utils.levels.005";"utils/levels.js";"200";"";"rôle géré par une intégration — inattribuable";"";"";"";""
"utils.levels.006";"utils/levels.js";"201";"";"je ne me vois pas sur ce serveur";"";"";"";""
"utils.levels.007";"utils/levels.js";"202";"";"ce rôle est au-dessus du mien";"";"";"";""
"utils.matricules.001";"utils/matricules.js";"109";"";"❌ Un matricule ne contient que des lettres, des chiffres, un point ou un tiret (20 signes au plus).";"";"";"";""
"utils.matricules.002";"utils/matricules.js";"180";"";"ON CONFLICT(guild_id, kind) DO UPDATE SET channel_id = excluded.channel_id, message_id = excluded.message_id";"";"";"";""
"utils.matricules.003";"utils/matricules.js";"232";"OUI — valeur technique, laisser tel quel";"Aucun résultat.";"Aucun résultat.";"Aucun résultat.";"Aucun résultat.";"Aucun résultat."
"utils.matricules.004";"utils/matricules.js";"232";"";"Aucun matricule attribué pour le moment.";"";"";"";""
"utils.matricules.005";"utils/matricules.js";"256";"";"Page précédente";"";"";"";""
"utils.messageGuard.001";"utils/messageGuard.js";"68";"";"lien d'invitation Discord non autorisé";"";"";"";""
"utils.messageGuard.002";"utils/messageGuard.js";"70";"";"lien / arnaque suspecte";"";"";"";""
"utils.messageGuard.003";"utils/messageGuard.js";"71";"";"spam de caractères / zalgo";"";"";"";""
"utils.messageGuard.004";"utils/messageGuard.js";"78";"";"🛡️ Message bloqué";"";"";"";""
"utils.messageGuard.005";"utils/messageGuard.js";"104";"";"🛡️ Anti-spam";"";"";"";""
"utils.messagesDuBot.001";"utils/messagesDuBot.js";"51";"";"panneau de tickets";"";"";"";""
"utils.messagesDuBot.002";"utils/messagesDuBot.js";"53";"";"message composé";"";"";"";""
"utils.messagesDuBot.003";"utils/messagesDuBot.js";"76";"";"🔁 Le panneau de tickets a été **republié automatiquement**.";"";"";"";""
"utils.messagesDuBot.004";"utils/messagesDuBot.js";"82";"";"🔁 La liste RP a été **republiée automatiquement**.";"";"";"";""
"utils.miseEnPage.001";"utils/miseEnPage.js";"113";"";"Précédent";"";"";"";""
"utils.miseEnPage.002";"utils/miseEnPage.js";"144";"";"*Rien à afficher*";"";"";"";""
"utils.music.001";"utils/music.js";"167";"";"Il manque une brique audio sur l'hébergeur.";"";"";"";""
"utils.music.002";"utils/music.js";"169";"";"-# Sans elle, la connexion est acceptée puis n'aboutit jamais. Cela ressemble à un problème de permissions, mais n'en est pas un.";"";"";"";""
"utils.music.003";"utils/music.js";"175";"";"Je ne suis pas membre de ce serveur.";"";"";"";""
"utils.music.004";"utils/music.js";"176";"";"➜ La commande vient de mon installation « application utilisateur » : je peux répondre, mais pas rejoindre un salon vocal.";"";"";"";""
"utils.music.005";"utils/music.js";"177";"";"➜ Invitez-moi sur le serveur pour que la musique fonctionne.";"";"";"";""
"utils.music.006";"utils/music.js";"183";"";"Mon intent vocal est désactivé — je l'ai vérifié moi-même.";"";"";"";""
"utils.music.007";"utils/music.js";"184";"";"➜ L'hébergeur doit relancer le bot avec l'intent **GuildVoiceStates**.";"";"";"";""
"utils.music.008";"utils/music.js";"185";"";"-# Ce n'est pas un réglage du portail développeur : il est écrit dans le code de démarrage.";"";"";"";""
"utils.music.009";"utils/music.js";"191";"";"Le salon est plein.";"";"";"";""
"utils.music.010";"utils/music.js";"192";"";"➜ Sa limite d'utilisateurs est atteinte. Libérez une place, ou augmentez la limite.";"";"";"";""
"utils.music.011";"utils/music.js";"202";"";"Discord m'a bien placé dans le salon, mais le flux vocal n'aboutit pas.";"";"";"";""
"utils.music.012";"utils/music.js";"203";"";"➜ C'est presque toujours l'hébergeur qui bloque les ports **UDP** sortants — beaucoup d'hébergements mutualisés le font. C'est à lui qu'il faut le demander.";"";"";"";""
"utils.music.013";"utils/music.js";"204";"";"➜ En attendant : changez la **région du salon** (Modifier le salon → Région), cela change de serveur vocal.";"";"";"";""
"utils.music.014";"utils/music.js";"205";"";"-# Mes permissions, mes intents et mes bibliothèques audio sont bons : je viens de les vérifier.";"";"";"";""
"utils.music.015";"utils/music.js";"211";"";"Discord a ignoré ma demande, deux fois de suite.";"";"";"";""
"utils.music.016";"utils/music.js";"212";"";"➜ Je suis bien membre du serveur, mon intent vocal est actif et mes permissions sont bonnes : je les ai vérifiés.";"";"";"";""
"utils.music.017";"utils/music.js";"213";"";"➜ Il reste deux causes possibles, toutes deux hors du bot :";"";"";"";""
"utils.music.018";"utils/music.js";"214";"";"  • la passerelle Discord ne relaie pas mes paquets vocaux — un **redémarrage du bot** la remet souvent d'aplomb ;";"";"";"";""
"utils.music.019";"utils/music.js";"215";"";"  • l'hébergeur bloque la sortie vers les serveurs vocaux de Discord.";"";"";"";""
"utils.music.020";"utils/music.js";"216";"";"-# Détail technique pour l'hébergeur : la connexion reste bloquée en « signalling », aucun `VOICE_SERVER_UPDATE` n'est reçu.";"";"";"";""
"utils.music.021";"utils/music.js";"221";"";"est arrêtée à l";"";"";"";""
"utils.music.022";"utils/music.js";"222";"";"➜ Lancez `/musique sources` : le diagnostic y détaille l'état des briques audio.";"";"";"";""
"utils.music.023";"utils/music.js";"308";"";"✅ La connexion vocale fonctionne.";"";"";"";""
"utils.music.024";"utils/music.js";"309";"";"Si la musique reste muette malgré cela, le problème est dans l'audio lui-même, pas dans la connexion.";"";"";"";""
"utils.music.025";"utils/music.js";"314";"";"❌ Ma connexion à Discord n'est pas établie.";"";"";"";""
"utils.music.026";"utils/music.js";"320";"";"❌ Ma demande de connexion vocale n'a même pas pu partir.";"";"";"";""
"utils.music.027";"utils/music.js";"321";"";"discord.js a refusé de l'envoyer à la passerelle. C'est un défaut interne au bot : signalez-le à son créateur avec cette fiche.";"";"";"";""
"utils.music.028";"utils/music.js";"326";"";"❌ Discord n'a répondu ni où je suis, ni quel serveur vocal utiliser.";"";"";"";""
"utils.music.029";"utils/music.js";"327";"";"Ma demande est partie, et rien n'est revenu. C'est le signe d'une passerelle qui ne relaie pas les paquets vocaux : ";"";"";"";""
"utils.music.030";"utils/music.js";"328";"";"**redémarrez le bot**, cela repart presque toujours. Si cela recommence, c'est l'intent vocal qui n'est pas actif côté hébergeur.";"";"";"";""
"utils.music.031";"utils/music.js";"333";"";"❌ Discord m'a placé dans le salon, mais ne m'a jamais donné de serveur vocal.";"";"";"";""
"utils.music.032";"utils/music.js";"334";"";"C'est une panne côté Discord, souvent liée à la **région du salon**. Changez-la (Modifier le salon → Région), puis réessayez.";"";"";"";""
"utils.music.033";"utils/music.js";"339";"";"❌ Discord m'a tout donné, mais le flux audio ne s'ouvre pas.";"";"";"";""
"utils.music.034";"utils/music.js";"340";"";"C'est la seule étape qui utilise l'**UDP**. Si les ports sortants sont ouverts, il manque alors une brique audio : voyez `/musique sources`.";"";"";"";""
"utils.music.035";"utils/music.js";"345";"";"Aucune cause identifiable.";"";"";"";""
"utils.music.036";"utils/music.js";"362";"";"déconnecté du salon vocal";"";"";"";""
"utils.music.037";"utils/music.js";"380";"";"file terminée";"";"";"";""
"utils.music.038";"utils/music.js";"402";"";"⏹️ Trois morceaux de suite illisibles : j'arrête là.";"";"";"";""
"utils.music.039";"utils/music.js";"403";"";"trop d'échecs de lecture";"";"";"";""
"utils.music.040";"utils/music.js";"429";"";"erreur de lecture";"";"";"";""
"utils.music.041";"utils/music.js";"444";"";"Rejoignez d'abord un salon vocal.";"Join a voice channel first.";"";"";""
"utils.music.042";"utils/music.js";"597";"";"plus personne dans le salon";"";"";"";""
"utils.musiqueMoteur.001";"utils/musiqueMoteur.js";"137";"";"Cette playlist YouTube est vide ou privée.";"";"";"";""
"utils.musiqueMoteur.002";"utils/musiqueMoteur.js";"143";"";"Ce lien YouTube n'est ni une vidéo ni une playlist.";"";"";"";""
"utils.musiqueMoteur.003";"utils/musiqueMoteur.js";"155";"";"SoundCloud est indisponible : je n'ai pas pu obtenir de clé d'accès. Réessayez dans un instant.";"";"";"";""
"utils.musiqueMoteur.004";"utils/musiqueMoteur.js";"160";"";"Cette playlist SoundCloud est vide.";"";"";"";""
"utils.musiqueMoteur.005";"utils/musiqueMoteur.js";"203";"";"Ce lien n'est pas pris en charge.\n";"";"";"";""
"utils.musiqueMoteur.006";"utils/musiqueMoteur.js";"204";"";"➜ Sont acceptés : **YouTube**, **SoundCloud**, **Spotify**, **Deezer**, ou une simple recherche.";"";"";"";""
"utils.musiqueMoteur.007";"utils/musiqueMoteur.js";"299";"";"un **encodeur Opus** (`npm install opusscript`)";"";"";"";""
"utils.musiqueMoteur.008";"utils/musiqueMoteur.js";"299";"";"npm install opusscript";"";"";"";""
"utils.musiqueMoteur.009";"utils/musiqueMoteur.js";"300";"";"une **bibliothèque de chiffrement** (`npm install libsodium-wrappers`)";"";"";"";""
"utils.musiqueMoteur.010";"utils/musiqueMoteur.js";"300";"";"npm install libsodium-wrappers";"";"";"";""
"utils.musiqueSources.001";"utils/musiqueSources.js";"58";"";"où vient l";"";"";"";""
"utils.musiqueSources.002";"utils/musiqueSources.js";"77";"";"Spotify n'a pas donné de titre";"";"";"";""
"utils.musiqueSources.003";"utils/musiqueSources.js";"90";"";"Lien Deezer non reconnu";"";"";"";""
"utils.musiqueSources.004";"utils/musiqueSources.js";"98";"";"Deezer a refusé";"";"";"";""
"utils.musiqueSources.005";"utils/musiqueSources.js";"106";"";"Cette sélection Deezer est vide";"";"";"";""
"utils.reponse.001";"utils/reponse.js";"45";"";"-# ✅ Terminé.";"";"";"";""
"utils.rolesAuClic.001";"utils/rolesAuClic.js";"71";"";"Rôle";"";"";"";""
"utils.rolesAuClic.002";"utils/rolesAuClic.js";"100";"";"❌ Ce rôle n'existe plus. Prévenez un responsable du serveur.";"";"";"";""
"utils.rolesAuClic.003";"utils/rolesAuClic.js";"104";"";"❌ Je n'ai pas la permission « Gérer les rôles » sur ce serveur.";"";"";"";""
"utils.rolesAuClic.004";"utils/rolesAuClic.js";"110";"";"Remontez mon rôle au-dessus dans les paramètres du serveur.";"";"";"";""
"utils.rolesAuClic.005";"utils/rolesAuClic.js";"159";"";"➖ Aucun changement : vous aviez déjà exactement ces rôles.";"";"";"";""
"utils.rpList.001";"utils/rpList.js";"25";"";"🚫 Blacklist RP";"";"";"";""
"utils.rpList.002";"utils/rpList.js";"26";"";"Joueurs blacklistés";"";"";"";""
"utils.rpList.003";"utils/rpList.js";"27";"";"Aucune blacklist RP pour le moment.";"";"";"";""
"utils.rpList.004";"utils/rpList.js";"30";"";"✅ Whitelist RP";"";"";"";""
"utils.rpList.005";"utils/rpList.js";"31";"";"Joueurs whitelistés";"";"";"";""
"utils.rpList.006";"utils/rpList.js";"32";"";"Aucune whitelist RP pour le moment.";"";"";"";""
"utils.rpList.007";"utils/rpList.js";"74";"";"ON CONFLICT(guild_id, kind) DO UPDATE SET channel_id = excluded.channel_id, message_id = excluded.message_id";"";"";"";""
"utils.rpList.008";"utils/rpList.js";"155";"";"entrée";"";"";"";""
"utils.rpList.009";"utils/rpList.js";"157";"OUI — valeur technique, laisser tel quel";"Aucun résultat.";"Aucun résultat.";"Aucun résultat.";"Aucun résultat.";"Aucun résultat."
"utils.rpList.010";"utils/rpList.js";"191";"";"Page précédente";"";"";"";""
"utils.rpList.011";"utils/rpList.js";"311";"";"Pseudo Roblox, @ Discord, ID ou raison";"";"";"";""
"utils.rpListCommand.001";"utils/rpListCommand.js";"19";"OUI — valeur technique, laisser tel quel";"attribué";"attribué";"attribué";"attribué";"attribué"
"utils.rpListCommand.002";"utils/rpListCommand.js";"19";"";"retiré";"";"";"";""
"utils.rpListCommand.003";"utils/rpListCommand.js";"45";"";"Retirer un joueur (conservé au casier)";"";"";"";""
"utils.rpListCommand.004";"utils/rpListCommand.js";"46";"";"Membre à retirer";"";"";"";""
"utils.rpListCommand.005";"utils/rpListCommand.js";"51";"";"Publier le panneau auto-mis-à-jour dans un salon";"";"";"";""
"utils.rpListCommand.006";"utils/rpListCommand.js";"53";"";"Salon du panneau (défaut : ici)";"";"";"";""
"utils.rpListCommand.007";"utils/rpListCommand.js";"59";"";"Rechercher dans la liste";"";"";"";""
"utils.rpListCommand.008";"utils/rpListCommand.js";"60";"";"Pseudo, @, ID ou raison";"";"";"";""
"utils.rpThemes.001";"utils/rpThemes.js";"27";"";"Carte d'identité";"";"";"";""
"utils.rpThemes.002";"utils/rpThemes.js";"29";"";"Lieu de naissance";"";"";"";""
"utils.rpThemes.003";"utils/rpThemes.js";"30";"";"Nationalité";"";"";"";""
"utils.rpThemes.004";"utils/rpThemes.js";"33";"";"ID de la carte";"";"";"";""
"utils.rpThemes.005";"utils/rpThemes.js";"36";"";"Permis de conduire";"";"";"";""
"utils.rpThemes.006";"utils/rpThemes.js";"38";"";"Numéro";"";"";"";""
"utils.rpThemes.007";"utils/rpThemes.js";"41";"";"Délivré le";"";"";"";""
"utils.rpThemes.008";"utils/rpThemes.js";"42";"";"Permis délivré par les services de l'État RP";"";"";"";""
"utils.rpThemes.009";"utils/rpThemes.js";"45";"";"Employés";"";"";"";""
"utils.rpThemes.010";"utils/rpThemes.js";"45";"";"employé";"";"";"";""
"utils.rpThemes.011";"utils/rpThemes.js";"59";"";"Pseudo en jeu";"";"";"";""
"utils.rpThemes.012";"utils/rpThemes.js";"61";"";"Carte de résident";"";"";"";""
"utils.rpThemes.013";"utils/rpThemes.js";"63";"";"Ville de naissance";"";"";"";""
"utils.rpThemes.014";"utils/rpThemes.js";"67";"";"N° de résident";"";"";"";""
"utils.rpThemes.015";"utils/rpThemes.js";"76";"";"Département des véhicules à moteur — San Andreas";"";"";"";""
"utils.rpThemes.016";"utils/rpThemes.js";"79";"";"Société";"";"";"";""
"utils.rpThemes.017";"utils/rpThemes.js";"84";"";"Garry's Mod (DarkRP)";"";"";"";""
"utils.rpThemes.018";"utils/rpThemes.js";"93";"";"Antécédents";"";"";"";""
"utils.rpThemes.019";"utils/rpThemes.js";"98";"";"Licence de port d'arme";"";"";"";""
"utils.rpThemes.020";"utils/rpThemes.js";"104";"";"Détenteur";"";"";"";""
"utils.rpThemes.021";"utils/rpThemes.js";"105";"";"Délivrée le";"";"";"";""
"utils.rpThemes.022";"utils/rpThemes.js";"106";"";"Délivrée par le Maire — révocable à tout moment";"";"";"";""
"utils.rpThemes.023";"utils/rpThemes.js";"114";"";"Red Dead Redemption RP";"";"";"";""
"utils.rpThemes.024";"utils/rpThemes.js";"117";"";"Nom de hors-la-loi";"";"";"";""
"utils.rpThemes.025";"utils/rpThemes.js";"119";"";"Registre de citoyen";"";"";"";""
"utils.rpThemes.026";"utils/rpThemes.js";"121";"";"Comté de naissance";"";"";"";""
"utils.rpThemes.027";"utils/rpThemes.js";"123";"";"Réputation";"";"";"";""
"utils.rpThemes.028";"utils/rpThemes.js";"130";"";"Autorisation de port d'arme";"";"";"";""
"utils.rpThemes.029";"utils/rpThemes.js";"136";"";"Bureau du shérif — valable dans le comté";"";"";"";""
"utils.rpThemes.030";"utils/rpThemes.js";"139";"";"Hommes de main";"";"";"";""
"utils.rpThemes.031";"utils/rpThemes.js";"146";"";"Théâtre d'opérations";"";"";"";""
"utils.rpThemes.032";"utils/rpThemes.js";"153";"";"Unité de rattachement";"";"";"";""
"utils.rpThemes.033";"utils/rpThemes.js";"155";"";"États de service";"";"";"";""
"utils.rpThemes.034";"utils/rpThemes.js";"160";"";"Habilitation opérationnelle";"";"";"";""
"utils.rpThemes.035";"utils/rpThemes.js";"166";"";"État-major — révocable par le commandement";"";"";"";""
"utils.rpThemes.036";"utils/rpThemes.js";"169";"";"Unité";"";"";"";""
"utils.saoGame.001";"utils/saoGame.js";"19";"";"Épée courte";"";"";"";""
"utils.saoGame.002";"utils/saoGame.js";"20";"";"Épée en fer";"";"";"";""
"utils.saoGame.003";"utils/saoGame.js";"27";"";"Night Sky Sword";"";"";"";""
"utils.saoGame.004";"utils/saoGame.js";"33";"";"Sanglier frénétique";"";"";"";""
"utils.saoGame.005";"utils/saoGame.js";"35";"";"Gobelin des cavernes";"";"";"";""
"utils.saoGame.006";"utils/saoGame.js";"38";"";"Ruin Kobold Trooper";"";"";"";""
"utils.saoGame.007";"utils/saoGame.js";"39";"";"Golem de pierre";"";"";"";""
"utils.saoGame.008";"utils/saoGame.js";"40";"";"Araignée géante";"";"";"";""
"utils.saoGame.009";"utils/saoGame.js";"42";"";"Taureau de Dicey Cavern";"";"";"";""
"utils.saoGame.010";"utils/saoGame.js";"47";"";"Illfang le Seigneur Kobold";"";"";"";""
"utils.saoGame.011";"utils/saoGame.js";"48";"";"Baran le Général Kobold";"";"";"";""
"utils.saoGame.012";"utils/saoGame.js";"49";"";"Nerius le Suzerain Écarlate";"";"";"";""
"utils.saoGame.013";"utils/saoGame.js";"50";"";"The Skull Reaper";"";"";"";""
"utils.saoGame.014";"utils/saoGame.js";"51";"";"Le Chevalier Impur";"";"";"";""
"utils.saoGame.015";"utils/saoGame.js";"53";"";"The Gleam Eyes";"";"";"";""
"utils.saoGame.016";"utils/saoGame.js";"54";"";"Fuscus l'Ombre Vaine";"";"";"";""
"utils.saoGame.017";"utils/saoGame.js";"55";"";"Heathcliff, le Chevalier Paladin";"";"";"";""
"utils.saoGame.018";"utils/saoGame.js";"63";"";"Débutant";"";"";"";""
"utils.saoGame.019";"utils/saoGame.js";"64";"";"Vaincre un premier monstre";"";"";"";""
"utils.saoGame.020";"utils/saoGame.js";"65";"";"Tombeur de Boss";"";"";"";""
"utils.saoGame.021";"utils/saoGame.js";"65";"";"Vaincre un boss d'étage";"";"";"";""
"utils.saoGame.022";"utils/saoGame.js";"66";"";"Vétéran";"";"";"";""
"utils.saoGame.023";"utils/saoGame.js";"66";"";"Atteindre l'étage 10";"";"";"";""
"utils.saoGame.024";"utils/saoGame.js";"67";"";"Atteindre l'étage 25";"";"";"";""
"utils.saoGame.025";"utils/saoGame.js";"68";"";"Héros";"";"";"";""
"utils.saoGame.026";"utils/saoGame.js";"68";"";"Atteindre l'étage 50";"";"";"";""
"utils.saoGame.027";"utils/saoGame.js";"69";"";"Élite";"";"";"";""
"utils.saoGame.028";"utils/saoGame.js";"69";"";"Atteindre l'étage 75";"";"";"";""
"utils.saoGame.029";"utils/saoGame.js";"70";"";"Terminer l'étage 100 d'Aincrad";"";"";"";""
"utils.saoGame.030";"utils/saoGame.js";"71";"";"Atteindre le niveau 20";"";"";"";""
"utils.saoGame.031";"utils/saoGame.js";"72";"";"Maître Forgeron";"";"";"";""
"utils.saoGame.032";"utils/saoGame.js";"72";"";"Forger l'arme ultime";"";"";"";""
"utils.scamImages.001";"utils/scamImages.js";"35";"";"⚠️ jimp indisponible : détection scam limitée aux images strictement identiques.";"";"";"";""
"utils.scamImages.002";"utils/scamImages.js";"112";"";"🚨 Image scam détectée — ban global";"";"";"";""
"utils.scamImages.003";"utils/scamImages.js";"113";"";") a posté une image correspondant à l'échantillon ";"";"";"";""
"utils.scamImages.004";"utils/scamImages.js";"116";"";"messages des dernières 24 h supprimés.\nAnnulable avec \`/banglobal retirer\`.";"";"";"";""
"utils.snipe.001";"utils/snipe.js";"11";"";"(SELECT id FROM deleted_messages WHERE channel_id = ? ORDER BY id DESC LIMIT 50)";"";"";"";""
"utils.socialWatch.001";"utils/socialWatch.js";"20";"";"Mozilla/5.0 (Windows NT 10.0; Win64; x64) AppleWebKit/537.36 (KHTML, like Gecko) Chrome/124.0 Safari/537.36";"";"";"";""
"utils.socialWatch.002";"utils/socialWatch.js";"130";"";"▶️ **{nom}** vient de sortir une nouvelle vidéo !";"";"";"";""
"utils.socialWatch.003";"utils/socialWatch.js";"131";"";"🔴 **{nom}** est en live sur Twitch !";"";"";"";""
"utils.socialWatch.004";"utils/socialWatch.js";"132";"";"🎵 Nouveau TikTok de **{nom}** !";"";"";"";""
"utils.socialWatch.005";"utils/socialWatch.js";"133";"";"🐦 Nouveau post de **{nom}** sur X !";"";"";"";""
"utils.socialWatch.006";"utils/socialWatch.js";"134";"";"👽 Nouveau post sur **{nom}** !";"";"";"";""
"utils.styleEmbeds.001";"utils/styleEmbeds.js";"263";"";"⚠️ Cartes sans bordure refusées par Discord — retour aux embeds classiques.";"";"";"";""
"utils.ticketPresets.001";"utils/ticketPresets.js";"74";"";"📋 Envoyer une réponse type…";"";"";"";""
"utils.ticketPresets.002";"utils/ticketPresets.js";"92";"";"❌ Cette réponse type n'existe plus (elle a été supprimée depuis).";"";"";"";""
"utils.ticketPresets.003";"utils/ticketPresets.js";"98";"";"⛔ Seul le staff peut envoyer une réponse type.";"";"";"";""
"utils.tickets.001";"utils/tickets.js";"116";"";"🎫 Choisissez une raison pour ouvrir un ticket…";"";"";"";""
"utils.tickets.002";"utils/tickets.js";"152";"";"🎫 Cliquez ci-dessous pour ouvrir un ticket.";"";"";"";""
"utils.tickets.003";"utils/tickets.js";"214";"";"🎫 Contenu du panneau";"";"";"";""
"utils.tickets.004";"utils/tickets.js";"216";"";"Titre de l'embed (facultatif)";"";"";"";""
"utils.tickets.005";"utils/tickets.js";"217";"";"Description — Entrée = saut de ligne";"";"";"";""
"utils.tickets.006";"utils/tickets.js";"218";"";"Message au-dessus (facultatif)";"";"";"";""
"utils.tickets.007";"utils/tickets.js";"219";"";"Pied de page (facultatif)";"";"";"";""
"utils.tickets.008";"utils/tickets.js";"234";"";"❌ Aucun panneau à modifier : publiez-en un avec `/ticket panneau`.";"";"";"";""
"utils.tickets.009";"utils/tickets.js";"242";"";"🎫 Quel panneau modifier ?";"";"";"";""
"utils.tickets.010";"utils/tickets.js";"256";"";"🎫 Plusieurs panneaux existent — choisissez celui à modifier :";"";"";"";""
"utils.tickets.011";"utils/tickets.js";"277";"";"❌ Session expirée — relancez `/ticket panneau`.";"";"";"";""
"utils.tickets.012";"utils/tickets.js";"293";"";"❌ Couleur invalide : utilisez un code hex, ex `#5865F2`.";"";"";"";""
"utils.tickets.013";"utils/tickets.js";"300";"";"❌ Salon du panneau introuvable.";"";"";"";""
"utils.tickets.014";"utils/tickets.js";"313";"";"🎫 Panneau publié";"";"";"";""
"utils.tickets.015";"utils/tickets.js";"319";"";"❌ Panneau introuvable (peut-être supprimé).";"";"";"";""
"utils.tickets.016";"utils/tickets.js";"324";"";"❌ Le message du panneau a été supprimé — republiez-en un avec `/ticket panneau`.";"";"";"";""
"utils.tickets.017";"utils/tickets.js";"352";"";"\n-# 🃏 Republié pour passer en carte sans bordure : un embed déjà envoyé ne peut pas le devenir.";"";"";"";""
"utils.tickets.018";"utils/tickets.js";"355";"";"🎫 Panneau modifié";"";"";"";""
"utils.tickets.019";"utils/tickets.js";"363";"";"❌ Panneau introuvable.";"";"";"";""
"utils.tickets.020";"utils/tickets.js";"370";"";"Erreur constructeur de panneau :";"";"";"";""
"utils.tickets.021";"utils/tickets.js";"371";"";"❌ Une erreur est survenue sur le panneau.";"";"";"";""
"utils.tickets.022";"utils/tickets.js";"423";"OUI — valeur technique, laisser tel quel";"Qui vous répond";"Qui vous répond";"Qui vous répond";"Qui vous répond";"Qui vous répond"
"utils.tickets.023";"utils/tickets.js";"423";"";"Prise en charge";"Claimed by";"";"";""
"utils.tickets.024";"utils/tickets.js";"424";"";"Le staff vous répondra dès que possible";"";"";"";""
"utils.tickets.025";"utils/tickets.js";"432";"";"Fermer le ticket";"";"";"";""
"utils.tickets.026";"utils/tickets.js";"453";"";"❌ Ce type de ticket n'existe plus.";"";"";"";""
"utils.tickets.027";"utils/tickets.js";"477";"";"auto (salon supprimé)";"";"";"";""
"utils.tickets.028";"utils/tickets.js";"491";"";"🎫 Ticket ouvert";"🎫 Ticket opened";"";"";""
"utils.tickets.029";"utils/tickets.js";"499";"";"❌ Type de ticket introuvable.";"";"";"";""
"utils.tickets.030";"utils/tickets.js";"521";"";"🎫 Ticket ouvert par le staff";"";"";"";""
"utils.tickets.031";"utils/tickets.js";"530";"";"❌ Cette commande doit être utilisée **dans un salon de ticket ouvert**.";"";"";"";""
"utils.tickets.032";"utils/tickets.js";"538";"";"⛔ Seuls l'auteur du ticket, l'équipe support ou le staff peuvent ajouter un membre.";"";"";"";""
"utils.tickets.033";"utils/tickets.js";"555";"";"❌ Impossible d'ajouter ce membre (le bot a-t-il **Gérer les permissions** ?).";"";"";"";""
"utils.tickets.034";"utils/tickets.js";"563";"";"🎫 Membre ajouté à un ticket";"";"";"";""
"utils.tickets.035";"utils/tickets.js";"598";"";"🎫 Ticket fermé & archivé";"🎫 Ticket closed & archived";"";"";""
"utils.tickets.036";"utils/tickets.js";"616";"";"-# Le fichier a été refusé par Discord : voici la conversation en clair.\n";"";"";"";""
"utils.tickets.037";"utils/tickets.js";"651";"";"❌ Ce salon n'est pas un ticket.";"";"";"";""
"utils.tickets.038";"utils/tickets.js";"657";"";"⛔ Seuls l'auteur du ticket, l'équipe support ou le staff peuvent le fermer.";"";"";"";""
"utils.tickets.039";"utils/tickets.js";"672";"";"🔒 Ticket fermé";"🔒 Ticket closed";"";"";""
"utils.tickets.040";"utils/tickets.js";"677";"";"⚠️ **Aucun salon d'archives configuré** : la conversation va être perdue.\n";"";"";"";""
"utils.tickets.041";"utils/tickets.js";"678";"";"-# Réglez-le dans `/config` → ⚙️ Salons → 📄 Transcripts des tickets.\n";"";"";"";""
"utils.tickets.042";"utils/tickets.js";"679";"";"🗑️ Ce salon va être **supprimé automatiquement**…";"🗑️ This channel will be **deleted automatically**…";"";"";""
"utils.tickets.043";"utils/tickets.js";"691";"";"🎫 Ticket fermé";"🎫 Ticket closed";"";"";""
"utils.tickets.044";"utils/tickets.js";"694";"";"Ticket fermé — suppression automatique";"";"";"";""
"utils.tickets.045";"utils/tickets.js";"702";"";"❌ Ticket introuvable.";"❌ Ticket not found.";"";"";""
"utils.tickets.046";"utils/tickets.js";"707";"";"⛔ Seuls l'équipe support ou le staff peuvent supprimer le salon.";"";"";"";""
"utils.tickets.047";"utils/tickets.js";"711";"";"🗑️ Transcript en cours puis suppression du salon…";"";"";"";""
"utils.tickets.048";"utils/tickets.js";"713";"";"Ticket supprimé";"";"";"";""
"utils.tickets.049";"utils/tickets.js";"737";"";"Je crois que vous êtes passé sous un tunnel 🚇";"";"";"";""
"utils.tickets.050";"utils/tickets.js";"738";"";"Allô ? La Terre appelle 🛰️";"";"";"";""
"utils.tickets.051";"utils/tickets.js";"739";"";"Votre ticket prend la poussière 🧹";"";"";"";""
"utils.tickets.052";"utils/tickets.js";"740";"";"On vous a perdu en route ? 🗺️";"";"";"";""
"utils.tickets.053";"utils/tickets.js";"741";"";"Toujours là, ou parti chercher du pain ? 🥖";"";"";"";""
"utils.tickets.054";"utils/tickets.js";"742";"";"Le staff attend, le café refroidit ☕";"";"";"";""
"utils.tickets.055";"utils/tickets.js";"743";"";"Ce ticket fait la sieste depuis un moment 😴";"";"";"";""
"utils.tickets.056";"utils/tickets.js";"744";"";"Un petit signe de vie ? 👋";"";"";"";""
"utils.tickets.057";"utils/tickets.js";"745";"";"Votre connexion a dû tomber dans un ravin 📉";"";"";"";""
"utils.tickets.058";"utils/tickets.js";"746";"";"On ne vous oublie pas… mais vous, si ? 🤔";"";"";"";""
"utils.tickets.059";"utils/tickets.js";"747";"";"Message envoyé depuis un pigeon voyageur 🐦";"";"";"";""
"utils.tickets.060";"utils/tickets.js";"748";"";"Le silence est d'or, mais là ça devient cher 💰";"";"";"";""
"utils.tickets.061";"utils/tickets.js";"759";"";"❌ Ce ticket n'existe plus.";"";"";"";""
"utils.tickets.062";"utils/tickets.js";"762";"";"🔒 Ce ticket est fermé : inutile de relancer.";"";"";"";""
"utils.tickets.063";"utils/tickets.js";"766";"";"⛔ Seul le staff peut relancer un ticket.";"";"";"";""
"utils.tickets.064";"utils/tickets.js";"771";"";"🙂 C'est votre propre ticket : la relance sert à réveiller quelqu'un d'autre.";"";"";"";""
"utils.tickets.065";"utils/tickets.js";"778";"";"🔔 Petite relance";"";"";"";""
"utils.tickets.066";"utils/tickets.js";"783";"";"🔔 Relance envoyée.";"🔔 Reminder sent.";"";"";""
"utils.tickets.067";"utils/tickets.js";"806";"";"Ticket pris en charge";"Ticket claimed";"";"";""
"utils.tickets.068";"utils/tickets.js";"806";"";"M'assigner ce ticket";"Assign this ticket to me";"";"";""
"utils.tickets.069";"utils/tickets.js";"807";"";"Ticket libéré";"Ticket released";"";"";""
"utils.tickets.070";"utils/tickets.js";"807";"";"Désassigner ce ticket";"Unassign this ticket";"";"";""
"utils.tickets.071";"utils/tickets.js";"808";"";"Ajouter un membre";"Add a member";"";"";""
"utils.tickets.072";"utils/tickets.js";"808";"";"Ajouter quelqu'un au ticket";"Add someone to the ticket";"";"";""
"utils.tickets.073";"utils/tickets.js";"809";"";"Retirer un membre";"Remove a member";"";"";""
"utils.tickets.074";"utils/tickets.js";"809";"";"Retirer quelqu'un du ticket";"Remove someone from the ticket";"";"";""
"utils.tickets.075";"utils/tickets.js";"810";"";"Avez-vous toujours besoin de ce ticket ?";"Do you still need this ticket?";"";"";""
"utils.tickets.076";"utils/tickets.js";"810";"";"Demander si le ticket est encore actif";"Ask whether the ticket is still active";"";"";""
"utils.tickets.077";"utils/tickets.js";"811";"";"Voir les détails du ticket";"View the ticket details";"";"";""
"utils.tickets.078";"utils/tickets.js";"812";"";"Supprimer le ticket";"Delete the ticket";"";"";""
"utils.tickets.079";"utils/tickets.js";"812";"";"Supprimer définitivement ce salon";"Permanently delete this channel";"";"";""
"utils.tickets.080";"utils/tickets.js";"827";"";"⛔ Ces actions sont réservées au **staff du serveur** et aux rôles support de ce type de ticket.";"";"";"";""
"utils.tickets.081";"utils/tickets.js";"835";"";"❌ Ticket introuvable (déjà supprimé ?).";"";"";"";""
"utils.tickets.082";"utils/tickets.js";"850";"";"ℹ️ Vous avez déjà pris ce ticket en charge.";"";"";"";""
"utils.tickets.083";"utils/tickets.js";"858";"";"🚀 Ticket pris en charge";"🚀 Ticket claimed";"";"";""
"utils.tickets.084";"utils/tickets.js";"873";"";"ℹ️ Ce ticket n'est pris en charge par personne.";"";"";"";""
"utils.tickets.085";"utils/tickets.js";"881";"";"🔓 Ticket libéré";"🔓 Ticket released";"";"";""
"utils.tickets.086";"utils/tickets.js";"895";"";"➕ Qui ajouter à ce ticket ? *(plusieurs membres possibles)*";"";"";"";""
"utils.tickets.087";"utils/tickets.js";"896";"";"➖ Qui retirer de ce ticket ? *(plusieurs membres possibles)*";"";"";"";""
"utils.tickets.088";"utils/tickets.js";"901";"OUI — valeur technique, laisser tel quel";"Choisissez un ou plusieurs membres";"Choisissez un ou plusieurs membres";"Choisissez un ou plusieurs membres";"Choisissez un ou plusieurs membres";"Choisissez un ou plusieurs membres"
"utils.tickets.089";"utils/tickets.js";"930";"";"🗑️ **Supprimer définitivement ce ticket ?**\n";"";"";"";""
"utils.tickets.090";"utils/tickets.js";"931";"";"-# Le salon et toute la conversation disparaissent. Préférez **Fermer le ticket** : la conversation est archivée avant suppression.";"";"";"";""
"utils.tickets.091";"utils/tickets.js";"934";"";"Supprimer définitivement";"";"";"";""
"utils.tickets.092";"utils/tickets.js";"955";"";"*Personne pour le moment*";"*Nobody yet*";"";"";""
"utils.tickets.093";"utils/tickets.js";"958";"";"État";"Status";"";"";""
"utils.tickets.094";"utils/tickets.js";"958";"OUI — valeur technique, laisser tel quel";"🟢 Ouvert";"🟢 Ouvert";"🟢 Ouvert";"🟢 Ouvert";"🟢 Ouvert"
"utils.tickets.095";"utils/tickets.js";"987";"";"❌ Salon du ticket introuvable.";"❌ Ticket channel not found.";"";"";""
"utils.tickets.096";"utils/tickets.js";"996";"";"est le **demandeur** : fermez le ticket plutôt que de l";"";"";"";""
"utils.tickets.097";"utils/tickets.js";"1011";"OUI — valeur technique, laisser tel quel";"ajouté";"ajouté";"ajouté";"ajouté";"ajouté"
"utils.tickets.098";"utils/tickets.js";"1011";"";"retiré";"";"";"";""
"utils.tickets.099";"utils/tickets.js";"1013";"";"-# Vérifiez que j'ai la permission **Gérer les permissions** sur ce salon.";"";"";"";""
"utils.tickets.100";"utils/tickets.js";"1020";"OUI — valeur technique, laisser tel quel";"ont été";"ont été";"ont été";"ont été";"ont été"
"utils.tickets.101";"utils/tickets.js";"1020";"";"a été";"";"";"";""
"utils.tickets.102";"utils/tickets.js";"1020";"OUI — valeur technique, laisser tel quel";"ajouté(s) au";"ajouté(s) au";"ajouté(s) au";"ajouté(s) au";"ajouté(s) au"
"utils.tickets.103";"utils/tickets.js";"1020";"";"retiré(s) du";"";"";"";""
"utils.tickets.104";"utils/tickets.js";"1029";"OUI — valeur technique, laisser tel quel";"➕ Membre(s) ajouté(s)";"➕ Membre(s) ajouté(s)";"➕ Membre(s) ajouté(s)";"➕ Membre(s) ajouté(s)";"➕ Membre(s) ajouté(s)"
"utils.tickets.105";"utils/tickets.js";"1029";"";"➖ Membre(s) retiré(s)";"➖ Member(s) removed";"";"";""
"utils.tickets.106";"utils/tickets.js";"1073";"";"❌ Une erreur est survenue sur ce ticket.";"";"";"";""
"utils.updateAnnounce.001";"utils/updateAnnounce.js";"55";"";"Salon des annonces de mise à jour du bot (créé automatiquement, visible du staff uniquement)";"";"";"";""
"utils.updateAnnounce.002";"utils/updateAnnounce.js";"120";"";"📦 Mise à jour prête !";"";"";"";""
"utils.updateAnnounce.003";"utils/updateAnnounce.js";"123";"";"• `/update` (ou `/forceupdate`) — installer et redémarrer **maintenant**\n";"";"";"";""
"utils.updateAnnounce.004";"utils/updateAnnounce.js";"124";"";"• Sinon, elle sera installée automatiquement au **prochain redémarrage** du bot.\n\n";"";"";"";""
"utils.updateAnnounce.005";"utils/updateAnnounce.js";"125";"";"_Ce message disparaîtra automatiquement une fois la mise à jour installée._";"";"";"";""
"utils.updateAnnounce.006";"utils/updateAnnounce.js";"147";"";"✅ Mise à jour installée";"";"";"";""
"utils.welcomeBanner.001";"utils/welcomeBanner.js";"95";"";"⚠️ Bannière d'arrivée : jimp indisponible, bannière ignorée.";"";"";"";""
